METHODES;Genre;EPITHETE;CIRCONFERENCE EN CM;DIAMETRE EN CM;Altitude en m;Groupe;Espece;Volume_en_m3;BasalArea;WoodDensity;Superficie_ha
P1;Agauria;salicifolia;34;10,82802548;2350;Placeau;Agauria salicifolia;57,44;0,01;0,49;2
P1;Agauria;salicifolia;31;9,872611465;2350;Placeau;Agauria salicifolia;43,3;0,01;0,49;2
P1;Agauria;salicifolia;39;12,42038217;2350;Placeau;Agauria salicifolia;86,68;0,01;0,49;2
P1;Agauria;salicifolia;39;12,42038217;2350;Placeau;Agauria salicifolia;86,68;0,01;0,49;2
P1;Agauria;salicifolia;36;11,46496815;2350;Placeau;Agauria salicifolia;68,26;0,01;0,49;2
P1;Agauria;salicifolia;40;12,7388535;2350;Placeau;Agauria salicifolia;93,45;0,01;0,49;2
P1;Agauria;salicifolia;61;19,42675159;2350;Placeau;Agauria salicifolia;314,88;0,03;0,49;2
P1;Agauria;salicifolia;51;16,24203822;2350;Placeau;Agauria salicifolia;189,68;0,02;0,49;2
P1;Agauria;salicifolia;49;15,60509554;2350;Placeau;Agauria salicifolia;169,07;0,02;0,49;2
P1;Agauria;salicifolia;39;12,42038217;2350;Placeau;Agauria salicifolia;86,68;0,01;0,49;2
P1;Agauria;salicifolia;40;12,7388535;2350;Placeau;Agauria salicifolia;93,45;0,01;0,49;2
P1;Agauria;salicifolia;37;11,78343949;2350;Placeau;Agauria salicifolia;74,04;0,01;0,49;2
P1;Agauria;salicifolia;132;42,03821656;2350;Placeau;Agauria salicifolia;2396,36;0,14;0,49;2
P1;Agauria;salicifolia;76;24,20382166;2350;Placeau;Agauria salicifolia;575,84;0,05;0,49;2
P1;Agauria;salicifolia;54;17,19745223;2350;Placeau;Agauria salicifolia;223,41;0,02;0,49;2
P1;Agauria;salicifolia;48;15,2866242;2350;Placeau;Agauria salicifolia;159,34;0,02;0,49;2
P1;Agauria;salicifolia;136;43,31210191;2350;Placeau;Agauria salicifolia;2578,64;0,15;0,49;2
P1;Agauria;salicifolia;66;21,01910828;2350;Placeau;Agauria salicifolia;391,87;0,03;0,49;2
P1;Agauria;salicifolia;36;11,46496815;2350;Placeau;Agauria salicifolia;68,26;0,01;0,49;2
P1;Agauria;salicifolia;35;11,14649682;2350;Placeau;Agauria salicifolia;62,7;0,01;0,49;2
P1;Agauria;salicifolia;39;12,42038217;2350;Placeau;Agauria salicifolia;86,68;0,01;0,49;2
P1;Agauria;salicifolia;35;11,14649682;2350;Placeau;Agauria salicifolia;62,7;0,01;0,49;2
P1;Agauria;salicifolia;38;12,10191083;2350;Placeau;Agauria salicifolia;80,25;0,01;0,49;2
P1;Agauria;salicifolia;46;14,64968153;2350;Placeau;Agauria salicifolia;140,86;0,02;0,49;2
P1;Agauria;salicifolia;70;22,29299363;2350;Placeau;Agauria salicifolia;460,43;0,04;0,49;2
P1;Agauria;salicifolia;132;42,03821656;2350;Placeau;Agauria salicifolia;2396,36;0,14;0,49;2
P1;Agauria;salicifolia;68;21,65605096;2350;Placeau;Agauria salicifolia;425,42;0,04;0,49;2
P1;Agauria;salicifolia;78;24,84076433;2350;Placeau;Agauria salicifolia;618,01;0,05;0,49;2
P1;Agauria;salicifolia;62;19,74522293;2350;Placeau;Agauria salicifolia;329,52;0,03;0,49;2
P1;Agauria;salicifolia;54;17,19745223;2350;Placeau;Agauria salicifolia;223,41;0,02;0,49;2
P1;Agauria;salicifolia;68;21,65605096;2350;Placeau;Agauria salicifolia;425,42;0,04;0,49;2
P1;Agauria;salicifolia;85;27,07006369;2350;Placeau;Agauria salicifolia;777,58;0,06;0,49;2
P1;Agauria;salicifolia;45;14,33121019;2350;Placeau;Agauria salicifolia;132,1;0,02;0,49;2
P1;Hagenia;abyssinica;74;23,56687898;2350;Placeau;Hagenia abyssinica;536,04;0,04;0,57;2
P1;Hagenia;abyssinica;86;27,38853503;2350;Placeau;Hagenia abyssinica;801,79;0,06;0,57;2
P1;Hagenia;abyssinica;93;29,61783439;2350;Placeau;Hagenia abyssinica;985,15;0,07;0,57;2
P1;Hagenia;abyssinica;42;13,37579618;2350;Placeau;Hagenia abyssinica;108,01;0,01;0,57;2
P1;Hagenia;abyssinica;54;17,19745223;2350;Placeau;Hagenia abyssinica;223,41;0,02;0,57;2
P1;Hagenia;abyssinica;60;19,10828025;2350;Placeau;Hagenia abyssinica;300,69;0,03;0,57;2
P1;Hagenia;abyssinica;75;23,88535032;2350;Placeau;Hagenia abyssinica;555,49;0,04;0,57;2
P1;Hagenia;abyssinica;47;14,96815287;2350;Placeau;Hagenia abyssinica;150;0,02;0,57;2
P1;Hagenia;abyssinica;55;17,51592357;2350;Placeau;Hagenia abyssinica;235,33;0,02;0,57;2
P1;Ardisia;japonica;68;21,65605096;2350;Placeau;Ardisia japonica;425,42;0,04;0,59;2
P1;Ardisia;japonica;43;13,69426752;2350;Placeau;Ardisia japonica;115,68;0,01;0,59;2
P1;Ardisia;japonica;43;13,69426752;2350;Placeau;Ardisia japonica;115,68;0,01;0,59;2
P1;Ardisia;japonica;51;16,24203822;2350;Placeau;Ardisia japonica;189,68;0,02;0,59;2
P1;Ardisia;japonica;38;12,10191083;2350;Placeau;Ardisia japonica;80,25;0,01;0,59;2
P1;Ardisia;japonica;45;14,33121019;2350;Placeau;Ardisia japonica;132,1;0,02;0,59;2
P1;Ardisia;japonica;41;13,05732484;2350;Placeau;Ardisia japonica;100,55;0,01;0,59;2
P1;Ardisia;japonica;41;13,05732484;2350;Placeau;Ardisia japonica;100,55;0,01;0,59;2
P1;Hagenia;abyssinica;73;23,24840764;2350;Placeau;Hagenia abyssinica;516,21;0,04;0,57;2
P1;Hagenia;abyssinica;90;28,66242038;2350;Placeau;Hagenia abyssinica;904,18;0,06;0,57;2
P1;Hagenia;abyssinica;59;18,78980892;2350;Placeau;Hagenia abyssinica;286,65;0,03;0,57;2
P1;Hagenia;abyssinica;66;21,01910828;2350;Placeau;Hagenia abyssinica;391,87;0,03;0,57;2
P1;Hagenia;abyssinica;73;23,24840764;2350;Placeau;Hagenia abyssinica;516,21;0,04;0,57;2
P1;Hagenia;abyssinica;67;21,33757962;2350;Placeau;Hagenia abyssinica;408,42;0,04;0,57;2
P1;Hagenia;abyssinica;82;26,11464968;2350;Placeau;Hagenia abyssinica;706,24;0,05;0,57;2
P1;Hagenia;abyssinica;82;26,11464968;2350;Placeau;Hagenia abyssinica;706,24;0,05;0,57;2
P1;Hagenia;abyssinica;62;19,74522293;2350;Placeau;Hagenia abyssinica;329,52;0,03;0,57;2
P1;Hagenia;abyssinica;72;22,92993631;2350;Placeau;Hagenia abyssinica;497,29;0,04;0,57;2
P1;Hagenia;abyssinica;52;16,56050955;2350;Placeau;Hagenia abyssinica;200,59;0,02;0,57;2
P1;Hagenia;abyssinica;53;16,87898089;2350;Placeau;Hagenia abyssinica;211,69;0,02;0,57;2
P1;Hagenia;abyssinica;73;23,24840764;2350;Placeau;Hagenia abyssinica;516,21;0,04;0,57;2
P1;Hagenia;abyssinica;81;25,79617834;2350;Placeau;Hagenia abyssinica;683,46;0,05;0,57;2
P1;Hagenia;abyssinica;93;29,61783439;2350;Placeau;Hagenia abyssinica;985,15;0,07;0,57;2
P1;Hagenia;abyssinica;81;25,79617834;2350;Placeau;Hagenia abyssinica;683,46;0,05;0,57;2
P1;Hagenia;abyssinica;82;26,11464968;2350;Placeau;Hagenia abyssinica;706,24;0,05;0,57;2
P1;Hagenia;abyssinica;89;28,34394904;2350;Placeau;Hagenia abyssinica;877,98;0,06;0,57;2
P1;Hagenia;abyssinica;110;35,03184713;2350;Placeau;Hagenia abyssinica;1518,81;0,1;0,57;2
P1;Hagenia;abyssinica;116;36,94267516;2350;Placeau;Hagenia abyssinica;1737,61;0,11;0,57;2
P1;Hagenia;abyssinica;34;10,82802548;2350;Placeau;Hagenia abyssinica;57,44;0,01;0,57;2
P1;Hagenia;abyssinica;57;18,15286624;2350;Placeau;Hagenia abyssinica;260,15;0,03;0,57;2
P1;Hagenia;abyssinica;86;27,38853503;2350;Placeau;Hagenia abyssinica;801,79;0,06;0,57;2
P1;Hagenia;abyssinica;53;16,87898089;2350;Placeau;Hagenia abyssinica;211,69;0,02;0,57;2
P1;Hagenia;abyssinica;84;26,75159236;2350;Placeau;Hagenia abyssinica;753,3;0,06;0,57;2
P1;Hagenia;abyssinica;98;31,21019108;2350;Placeau;Hagenia abyssinica;1129,36;0,08;0,57;2
P1;Hagenia;abyssinica;149;47,4522293;2350;Placeau;Hagenia abyssinica;3217,17;0,18;0,57;2
P1;Hagenia;abyssinica;130;41,40127389;2350;Placeau;Hagenia abyssinica;2308,37;0,13;0,57;2
P1;Hagenia;abyssinica;100;31,84713376;2350;Placeau;Hagenia abyssinica;1190,06;0,08;0,57;2
P1;Hagenia;abyssinica;68;21,65605096;2350;Placeau;Hagenia abyssinica;425,42;0,04;0,57;2
P1;Hagenia;abyssinica;47;14,96815287;2350;Placeau;Hagenia abyssinica;150;0,02;0,57;2
P1;Hagenia;abyssinica;45;14,33121019;2350;Placeau;Hagenia abyssinica;132,1;0,02;0,57;2
P1;Hagenia;abyssinica;41;13,05732484;2350;Placeau;Hagenia abyssinica;100,55;0,01;0,57;2
P1;Hagenia;abyssinica;47;14,96815287;2350;Placeau;Hagenia abyssinica;150;0,02;0,57;2
P1;Hagenia;abyssinica;89;28,34394904;2350;Placeau;Hagenia abyssinica;877,98;0,06;0,57;2
P1;Hagenia;abyssinica;57;18,15286624;2350;Placeau;Hagenia abyssinica;260,15;0,03;0,57;2
P1;Hagenia;abyssinica;66;21,01910828;2350;Placeau;Hagenia abyssinica;391,87;0,03;0,57;2
P1;Hagenia;abyssinica;96;30,57324841;2350;Placeau;Hagenia abyssinica;1070,71;0,07;0,57;2
P1;Hagenia;abyssinica;85;27,07006369;2350;Placeau;Hagenia abyssinica;777,58;0,06;0,57;2
P1;Hagenia;abyssinica;93;29,61783439;2350;Placeau;Hagenia abyssinica;985,15;0,07;0,57;2
P1;Hagenia;abyssinica;128;40,76433121;2350;Placeau;Hagenia abyssinica;2221,17;0,13;0,57;2
P1;Hagenia;abyssinica;66;21,01910828;2350;Placeau;Hagenia abyssinica;391,87;0,03;0,57;2
P1;Hagenia;abyssinica;101;32,1656051;2350;Placeau;Hagenia abyssinica;1221,19;0,08;0,57;2
P1;Hagenia;abyssinica;125;39,8089172;2350;Placeau;Hagenia abyssinica;2094,97;0,12;0,57;2
P1;Hagenia;abyssinica;72;22,92993631;2350;Placeau;Hagenia abyssinica;497,29;0,04;0,57;2
P1;Hagenia;abyssinica;67;21,33757962;2350;Placeau;Hagenia abyssinica;408,42;0,04;0,57;2
P1;Hagenia;abyssinica;80;25,47770701;2350;Placeau;Hagenia abyssinica;661,16;0,05;0,57;2
P1;Hagenia;abyssinica;65;20,70063694;2350;Placeau;Hagenia abyssinica;375,44;0,03;0,57;2
P1;Hagenia;abyssinica;99;31,52866242;2350;Placeau;Hagenia abyssinica;1159,45;0,08;0,57;2
P1;Hagenia;abyssinica;123;39,17197452;2350;Placeau;Hagenia abyssinica;2011,84;0,12;0,57;2
P1;Hagenia;abyssinica;89;28,34394904;2350;Placeau;Hagenia abyssinica;877,98;0,06;0,57;2
P1;Hagenia;abyssinica;147;46,81528662;2350;Placeau;Hagenia abyssinica;3114,42;0,17;0,57;2
P1;Hagenia;abyssinica;69;21,97452229;2350;Placeau;Hagenia abyssinica;442,88;0,04;0,57;2
P1;Hagenia;abyssinica;63;20,06369427;2350;Placeau;Hagenia abyssinica;344,28;0,03;0,57;2
P1;Hagenia;abyssinica;85;27,07006369;2350;Placeau;Hagenia abyssinica;777,58;0,06;0,57;2
P1;Hagenia;abyssinica;67;21,33757962;2350;Placeau;Hagenia abyssinica;408,42;0,04;0,57;2
P1;Hagenia;abyssinica;65;20,70063694;2350;Placeau;Hagenia abyssinica;375,44;0,03;0,57;2
P1;Hagenia;abyssinica;95;30,25477707;2350;Placeau;Hagenia abyssinica;1041,44;0,07;0,57;2
P1;Hagenia;abyssinica;87;27,70700637;2350;Placeau;Hagenia abyssinica;826,49;0,06;0,57;2
P1;Hagenia;abyssinica;58;18,47133758;2350;Placeau;Hagenia abyssinica;273,32;0,03;0,57;2
P1;Hagenia;abyssinica;83;26,43312102;2350;Placeau;Hagenia abyssinica;729,52;0,05;0,57;2
P1;Hagenia;abyssinica;101;32,1656051;2350;Placeau;Hagenia abyssinica;1221,19;0,08;0,57;2
P1;Hagenia;abyssinica;110;35,03184713;2350;Placeau;Hagenia abyssinica;1518,81;0,1;0,57;2
P1;Hagenia;abyssinica;63;20,06369427;2350;Placeau;Hagenia abyssinica;344,28;0,03;0,57;2
P1;Hagenia;abyssinica;112;35,66878981;2350;Placeau;Hagenia abyssinica;1590,3;0,1;0,57;2
P1;Hagenia;abyssinica;38;12,10191083;2350;Placeau;Hagenia abyssinica;80,25;0,01;0,57;2
P1;Hagenia;abyssinica;58;18,47133758;2350;Placeau;Hagenia abyssinica;273,32;0,03;0,57;2
P1;Hagenia;abyssinica;98;31,21019108;2350;Placeau;Hagenia abyssinica;1129,36;0,08;0,57;2
P1;Hagenia;abyssinica;61;19,42675159;2350;Placeau;Hagenia abyssinica;314,88;0,03;0,57;2
P1;Hagenia;abyssinica;63;20,06369427;2350;Placeau;Hagenia abyssinica;344,28;0,03;0,57;2
P1;Hagenia;abyssinica;82;26,11464968;2350;Placeau;Hagenia abyssinica;706,24;0,05;0,57;2
P1;Hagenia;abyssinica;104;33,12101911;2350;Placeau;Hagenia abyssinica;1316,89;0,09;0,57;2
P1;Hagenia;abyssinica;77;24,52229299;2350;Placeau;Hagenia abyssinica;596,68;0,05;0,57;2
P1;Hagenia;abyssinica;88;28,02547771;2350;Placeau;Hagenia abyssinica;852,28;0,06;0,57;2
P1;Hagenia;abyssinica;55;17,51592357;2350;Placeau;Hagenia abyssinica;235,33;0,02;0,57;2
P1;Hagenia;abyssinica;78;24,84076433;2350;Placeau;Hagenia abyssinica;618,01;0,05;0,57;2
P1;Hagenia;abyssinica;64;20,38216561;2350;Placeau;Hagenia abyssinica;359,8;0,03;0,57;2
P1;Hagenia;abyssinica;98;31,21019108;2350;Placeau;Hagenia abyssinica;1129,36;0,08;0,57;2
P1;Hagenia;abyssinica;112;35,66878981;2350;Placeau;Hagenia abyssinica;1590,3;0,1;0,57;2
P1;Hagenia;abyssinica;100;31,84713376;2350;Placeau;Hagenia abyssinica;1190,06;0,08;0,57;2
P1;Hagenia;abyssinica;105;33,43949045;2350;Placeau;Hagenia abyssinica;1349,26;0,09;0,57;2
P1;Hagenia;abyssinica;86;27,38853503;2350;Placeau;Hagenia abyssinica;801,79;0,06;0,57;2
P1;Hagenia;abyssinica;90;28,66242038;2350;Placeau;Hagenia abyssinica;904,18;0,06;0,57;2
P1;Hagenia;abyssinica;104;33,12101911;2350;Placeau;Hagenia abyssinica;1316,89;0,09;0,57;2
P1;Hagenia;abyssinica;81;25,79617834;2350;Placeau;Hagenia abyssinica;683,46;0,05;0,57;2
P1;Hagenia;abyssinica;78;24,84076433;2350;Placeau;Hagenia abyssinica;618,01;0,05;0,57;2
P1;Hagenia;abyssinica;82;26,11464968;2350;Placeau;Hagenia abyssinica;706,24;0,05;0,57;2
P1;Hagenia;abyssinica;79;25,15923567;2350;Placeau;Hagenia abyssinica;639,34;0,05;0,57;2
P1;Hagenia;abyssinica;129;41,08280255;2350;Placeau;Hagenia abyssinica;2265,16;0,13;0,57;2
P1;Hagenia;abyssinica;155;49,36305732;2350;Placeau;Hagenia abyssinica;3536,18;0,19;0,57;2
P1;Hagenia;abyssinica;107;34,07643312;2350;Placeau;Hagenia abyssinica;1415,53;0,09;0,57;2
P1;Macaranga;neomildbraediana;37;11,78343949;2350;Placeau;Macaranga neomildbraediana;74,04;0,01;0,38;2
P1;Macaranga;neomildbraediana;40;12,7388535;2350;Placeau;Macaranga neomildbraediana;93,45;0,01;0,38;2
P1;Macaranga;neomildbraediana;37;11,78343949;2350;Placeau;Macaranga neomildbraediana;74,04;0,01;0,38;2
P1;Macaranga;neomildbraediana;48;15,2866242;2350;Placeau;Macaranga neomildbraediana;159,34;0,02;0,38;2
P1;Macaranga;neomildbraediana;38;12,10191083;2350;Placeau;Macaranga neomildbraediana;80,25;0,01;0,38;2
P1;Macaranga;neomildbraediana;164;52,22929936;2350;Placeau;Macaranga neomildbraediana;4041,1;0,21;0,38;2
P1;Macaranga;neomildbraediana;73;23,24840764;2350;Placeau;Macaranga neomildbraediana;516,21;0,04;0,38;2
P1;Macaranga;neomildbraediana;88;28,02547771;2350;Placeau;Macaranga neomildbraediana;852,28;0,06;0,38;2
P1;Macaranga;neomildbraediana;63;20,06369427;2350;Placeau;Macaranga neomildbraediana;344,28;0,03;0,38;2
P1;Macaranga;neomildbraediana;98;31,21019108;2350;Placeau;Macaranga neomildbraediana;1129,36;0,08;0,38;2
P1;Macaranga;neomildbraediana;128;40,76433121;2350;Placeau;Macaranga neomildbraediana;2221,17;0,13;0,38;2
P1;Macaranga;neomildbraediana;80;25,47770701;2350;Placeau;Macaranga neomildbraediana;661,16;0,05;0,38;2
P1;Macaranga;neomildbraediana;77;24,52229299;2350;Placeau;Macaranga neomildbraediana;596,68;0,05;0,38;2
P1;Macaranga;neomildbraediana;46;14,64968153;2350;Placeau;Macaranga neomildbraediana;140,86;0,02;0,38;2
P1;Macaranga;neomildbraediana;63;20,06369427;2350;Placeau;Macaranga neomildbraediana;344,28;0,03;0,38;2
P1;Macaranga;neomildbraediana;83;26,43312102;2350;Placeau;Macaranga neomildbraediana;729,52;0,05;0,38;2
P1;Macaranga;neomildbraediana;74;23,56687898;2350;Placeau;Macaranga neomildbraediana;536,04;0,04;0,38;2
P1;Macaranga;neomildbraediana;49;15,60509554;2350;Placeau;Macaranga neomildbraediana;169,07;0,02;0,38;2
P1;Macaranga;neomildbraediana;73;23,24840764;2350;Placeau;Macaranga neomildbraediana;516,21;0,04;0,38;2
P1;Maessa;lanceolata;93;29,61783439;2350;Placeau;Maessa lanceolata;985,15;0,07;0,49;2
P1;Maessa;lanceolata;59;18,78980892;2350;Placeau;Maessa lanceolata;286,65;0,03;0,49;2
P1;Maessa;lanceolata;61;19,42675159;2350;Placeau;Maessa lanceolata;314,88;0,03;0,49;2
P1;Nuxia;congesta;80;25,47770701;2350;Placeau;Nuxia congesta;661,16;0,05;0,68;2
P1;Polyscias;fulva;95;30,25477707;2350;Placeau;Polyscias fulva;1041,44;0,07;0,24;2
P1;Polyscias;fulva;113;35,98726115;2350;Placeau;Polyscias fulva;1626,84;0,1;0,24;2
P1;Syzygium;sp;37;11,78343949;2350;Placeau;Syzygium sp;74,04;0,01;0,68;2
P1;Syzygium;sp;40;12,7388535;2350;Placeau;Syzygium sp;93,45;0,01;0,68;2
P1;Syzygium;sp;43;13,69426752;2350;Placeau;Syzygium sp;115,68;0,01;0,68;2
P1;Syzygium;sp;49;15,60509554;2350;Placeau;Syzygium sp;169,07;0,02;0,68;2
P1;Syzygium;sp;78;24,84076433;2350;Placeau;Syzygium sp;618,01;0,05;0,68;2
P1;Syzygium;sp;47;14,96815287;2350;Placeau;Syzygium sp;150;0,02;0,68;2
P1;Syzygium;sp;42;13,37579618;2350;Placeau;Syzygium sp;108,01;0,01;0,68;2
P1;Syzygium;sp;98;31,21019108;2350;Placeau;Syzygium sp;1129,36;0,08;0,68;2
P2;Agauria;salicifolia;93;29,61783439;2450;Placeau;Agauria salicifolia;713,57;0,07;0,49;2
P2;Agauria;salicifolia;53;16,87898089;2450;Placeau;Agauria salicifolia;178,39;0,02;0,49;2
P2;Agauria;salicifolia;106;33,75796178;2450;Placeau;Agauria salicifolia;967,58;0,09;0,49;2
P2;Agauria;salicifolia;50;15,92356688;2450;Placeau;Agauria salicifolia;153,08;0,02;0,49;2
P2;Agauria;salicifolia;55;17,51592357;2450;Placeau;Agauria salicifolia;196,62;0,02;0,49;2
P2;Agauria;salicifolia;64;20,38216561;2450;Placeau;Agauria salicifolia;289,06;0,03;0,49;2
P2;Agauria;salicifolia;63;20,06369427;2450;Placeau;Agauria salicifolia;277,92;0,03;0,49;2
P2;Agauria;salicifolia;70;22,29299363;2450;Placeau;Agauria salicifolia;360,8;0,04;0,49;2
P2;Agauria;salicifolia;124;39,49044586;2450;Placeau;Agauria salicifolia;1383,24;0,12;0,49;2
P2;Agauria;salicifolia;89;28,34394904;2450;Placeau;Agauria salicifolia;643,56;0,06;0,49;2
P2;Agauria;salicifolia;56;17,8343949;2450;Placeau;Agauria salicifolia;205,8;0,02;0,49;2
P2;Agauria;salicifolia;30;9,554140127;2450;Placeau;Agauria salicifolia;34,55;0,01;0,49;2
P2;Agauria;salicifolia;81;25,79617834;2450;Placeau;Agauria salicifolia;514,52;0,05;0,49;2
P2;Agauria;salicifolia;73;23,24840764;2450;Placeau;Agauria salicifolia;399,92;0,04;0,49;2
P2;Agauria;salicifolia;55;17,51592357;2450;Placeau;Agauria salicifolia;196,62;0,02;0,49;2
P2;Agauria;salicifolia;52;16,56050955;2450;Placeau;Agauria salicifolia;169,81;0,02;0,49;2
P2;Agauria;salicifolia;58;18,47133758;2450;Placeau;Agauria salicifolia;225,26;0,03;0,49;2
P2;Agauria;salicifolia;40;12,7388535;2450;Placeau;Agauria salicifolia;83,02;0,01;0,49;2
P2;Agauria;salicifolia;45;14,33121019;2450;Placeau;Agauria salicifolia;115,25;0,02;0,49;2
P2;Agauria;salicifolia;144;45,85987261;2450;Placeau;Agauria salicifolia;1933,8;0,17;0,49;2
P2;Agauria;salicifolia;94;29,93630573;2450;Placeau;Agauria salicifolia;731,78;0,07;0,49;2
P2;Agauria;salicifolia;45;14,33121019;2450;Placeau;Agauria salicifolia;115,25;0,02;0,49;2
P2;Agauria;salicifolia;38;12,10191083;2450;Placeau;Agauria salicifolia;71,53;0,01;0,49;2
P2;Agauria;salicifolia;53;16,87898089;2450;Placeau;Agauria salicifolia;178,39;0,02;0,49;2
P2;Agauria;salicifolia;58;18,47133758;2450;Placeau;Agauria salicifolia;225,26;0,03;0,49;2
P2;Agauria;salicifolia;54;17,19745223;2450;Placeau;Agauria salicifolia;187,47;0,02;0,49;2
P2;Agauria;salicifolia;76;24,20382166;2450;Placeau;Agauria salicifolia;441,17;0,05;0,49;2
P2;Agauria;salicifolia;72;22,92993631;2450;Placeau;Agauria salicifolia;386,6;0,04;0,49;2
P2;Agauria;salicifolia;56;17,8343949;2450;Placeau;Agauria salicifolia;205,8;0,02;0,49;2
P2;Agauria;salicifolia;138;43,94904459;2450;Placeau;Agauria salicifolia;1759,56;0,15;0,49;2
P2;Agauria;salicifolia;73;23,24840764;2450;Placeau;Agauria salicifolia;399,92;0,04;0,49;2
P2;Agauria;salicifolia;84;26,75159236;2450;Placeau;Agauria salicifolia;561,1;0,06;0,49;2
P2;Agauria;salicifolia;68;21,65605096;2450;Placeau;Agauria salicifolia;336,12;0,04;0,49;2
P2;Agauria;salicifolia;72;22,92993631;2450;Placeau;Agauria salicifolia;386,6;0,04;0,49;2
P2;Agauria;salicifolia;60;19,10828025;2450;Placeau;Agauria salicifolia;245,58;0,03;0,49;2
P2;Agauria;salicifolia;62;19,74522293;2450;Placeau;Agauria salicifolia;266,75;0,03;0,49;2
P2;Agauria;salicifolia;35;11,14649682;2450;Placeau;Agauria salicifolia;56,06;0,01;0,49;2
P2;Agauria;salicifolia;141;44,9044586;2450;Placeau;Agauria salicifolia;1844,7;0,16;0,49;2
P2;Agauria;salicifolia;112;35,66878981;2450;Placeau;Agauria salicifolia;1097,94;0,1;0,49;2
P2;Agauria;salicifolia;118;37,57961783;2450;Placeau;Agauria salicifolia;1236,22;0,11;0,49;2
P2;Agauria;salicifolia;37;11,78343949;2450;Placeau;Agauria salicifolia;66,2;0,01;0,49;2
P2;Agauria;salicifolia;39;12,42038217;2450;Placeau;Agauria salicifolia;77,13;0,01;0,49;2
P2;Agauria;salicifolia;45;14,33121019;2450;Placeau;Agauria salicifolia;115,25;0,02;0,49;2
P2;Agauria;salicifolia;48;15,2866242;2450;Placeau;Agauria salicifolia;137,28;0,02;0,49;2
P2;Agauria;salicifolia;37;11,78343949;2450;Placeau;Agauria salicifolia;66,2;0,01;0,49;2
P2;Hagenia;abyssinica;72;22,92993631;2450;Placeau;Hagenia abyssinica;386,6;0,04;0,57;2
P2;Ardisia;japonica;70;22,29299363;2450;Placeau;Ardisia japonica;360,8;0,04;0,59;2
P2;Ardisia;japonica;66;21,01910828;2450;Placeau;Ardisia japonica;311,85;0,03;0,59;2
P2;Ardisia;japonica;36;11,46496815;2450;Placeau;Ardisia japonica;61,04;0,01;0,59;2
P2;Ardisia;japonica;60;19,10828025;2450;Placeau;Ardisia japonica;245,58;0,03;0,59;2
P2;Ardisia;japonica;40;12,7388535;2450;Placeau;Ardisia japonica;83,02;0,01;0,59;2
P2;Ardisia;japonica;92;29,29936306;2450;Placeau;Ardisia japonica;695,65;0,07;0,59;2
P2;Ardisia;japonica;39;12,42038217;2450;Placeau;Ardisia japonica;77,13;0,01;0,59;2
P2;Ardisia;japonica;36;11,46496815;2450;Placeau;Ardisia japonica;61,04;0,01;0,59;2
P2;Ardisia;japonica;39;12,42038217;2450;Placeau;Ardisia japonica;77,13;0,01;0,59;2
P2;Ardisia;japonica;35;11,14649682;2450;Placeau;Ardisia japonica;56,06;0,01;0,59;2
P2;Ardisia;japonica;40;12,7388535;2450;Placeau;Ardisia japonica;83,02;0,01;0,59;2
P2;Ardisia;japonica;47;14,96815287;2450;Placeau;Ardisia japonica;129,71;0,02;0,59;2
P2;Ardisia;japonica;63;20,06369427;2450;Placeau;Ardisia japonica;277,92;0,03;0,59;2
P2;Ardisia;japonica;46;14,64968153;2450;Placeau;Ardisia japonica;122,42;0,02;0,59;2
P2;Ardisia;japonica;39;12,42038217;2450;Placeau;Ardisia japonica;77,13;0,01;0,59;2
P2;Ardisia;japonica;35;11,14649682;2450;Placeau;Ardisia japonica;56,06;0,01;0,59;2
P2;Ardisia;japonica;40;12,7388535;2450;Placeau;Ardisia japonica;83,02;0,01;0,59;2
P2;Ardisia;japonica;41;13,05732484;2450;Placeau;Ardisia japonica;88,94;0,01;0,59;2
P2;Ardisia;japonica;39;12,42038217;2450;Placeau;Ardisia japonica;77,13;0,01;0,59;2
P2;Ardisia;japonica;48;15,2866242;2450;Placeau;Ardisia japonica;137,28;0,02;0,59;2
P2;Ardisia;japonica;39;12,42038217;2450;Placeau;Ardisia japonica;77,13;0,01;0,59;2
P2;Ardisia;japonica;36;11,46496815;2450;Placeau;Ardisia japonica;61,04;0,01;0,59;2
P2;Ardisia;japonica;35;11,14649682;2450;Placeau;Ardisia japonica;56,06;0,01;0,59;2
P2;Ardisia;japonica;40;12,7388535;2450;Placeau;Ardisia japonica;83,02;0,01;0,59;2
P2;Ardisia;japonica;40;12,7388535;2450;Placeau;Ardisia japonica;83,02;0,01;0,59;2
P2;Ardisia;japonica;59;18,78980892;2450;Placeau;Ardisia japonica;235,28;0,03;0,59;2
P2;Ardisia;japonica;40;12,7388535;2450;Placeau;Ardisia japonica;83,02;0,01;0,59;2
P2;Ardisia;japonica;35;11,14649682;2450;Placeau;Ardisia japonica;56,06;0,01;0,59;2
P2;Ardisia;japonica;34;10,82802548;2450;Placeau;Ardisia japonica;51,36;0,01;0,59;2
P2;Ardisia;japonica;31;9,872611465;2450;Placeau;Ardisia japonica;38,47;0,01;0,59;2
P2;Ardisia;japonica;45;14,33121019;2450;Placeau;Ardisia japonica;115,25;0,02;0,59;2
P2;Ardisia;japonica;61;19,42675159;2450;Placeau;Ardisia japonica;256,17;0,03;0,59;2
P2;Ardisia;japonica;36;11,46496815;2450;Placeau;Ardisia japonica;61,04;0,01;0,59;2
P2;Ardisia;japonica;41;13,05732484;2450;Placeau;Ardisia japonica;88,94;0,01;0,59;2
P2;Ardisia;japonica;32;10,1910828;2450;Placeau;Ardisia japonica;42,52;0,01;0,59;2
P2;Ardisia;japonica;33;10,50955414;2450;Placeau;Ardisia japonica;46,85;0,01;0,59;2
P2;Hagenia;abyssinica;98;31,21019108;2450;Placeau;Hagenia abyssinica;806,69;0,08;0,57;2
P2;Hagenia;abyssinica;128;40,76433121;2450;Placeau;Hagenia abyssinica;1485,5;0,13;0,57;2
P2;Hagenia;abyssinica;55;17,51592357;2450;Placeau;Hagenia abyssinica;196,62;0,02;0,57;2
P2;Hagenia;abyssinica;149;47,4522293;2450;Placeau;Hagenia abyssinica;2086,11;0,18;0,57;2
P2;Hagenia;abyssinica;58;18,47133758;2450;Placeau;Hagenia abyssinica;225,26;0,03;0,57;2
P2;Hagenia;abyssinica;130;41,40127389;2450;Placeau;Hagenia abyssinica;1538,91;0,13;0,57;2
P2;Hagenia;abyssinica;59;18,78980892;2450;Placeau;Hagenia abyssinica;235,28;0,03;0,57;2
P2;Hagenia;abyssinica;83;26,43312102;2450;Placeau;Hagenia abyssinica;545,11;0,05;0,57;2
P2;Hagenia;abyssinica;58;18,47133758;2450;Placeau;Hagenia abyssinica;225,26;0,03;0,57;2
P2;Hagenia;abyssinica;69;21,97452229;2450;Placeau;Hagenia abyssinica;348,32;0,04;0,57;2
P2;Hagenia;abyssinica;35;11,14649682;2450;Placeau;Hagenia abyssinica;56,06;0,01;0,57;2
P2;Hagenia;abyssinica;79;25,15923567;2450;Placeau;Hagenia abyssinica;484,53;0,05;0,57;2
P2;Hagenia;abyssinica;36;11,46496815;2450;Placeau;Hagenia abyssinica;61,04;0,01;0,57;2
P2;Hagenia;abyssinica;66;21,01910828;2450;Placeau;Hagenia abyssinica;311,85;0,03;0,57;2
P2;Hagenia;abyssinica;50;15,92356688;2450;Placeau;Hagenia abyssinica;153,08;0,02;0,57;2
P2;Hagenia;abyssinica;70;22,29299363;2450;Placeau;Hagenia abyssinica;360,8;0,04;0,57;2
P2;Hagenia;abyssinica;42;13,37579618;2450;Placeau;Hagenia abyssinica;95,27;0,01;0,57;2
P2;Hagenia;abyssinica;47;14,96815287;2450;Placeau;Hagenia abyssinica;129,71;0,02;0,57;2
P2;Hagenia;abyssinica;63;20,06369427;2450;Placeau;Hagenia abyssinica;277,92;0,03;0,57;2
P2;Hagenia;abyssinica;34;10,82802548;2450;Placeau;Hagenia abyssinica;51,36;0,01;0,57;2
P2;Hagenia;abyssinica;76;24,20382166;2450;Placeau;Hagenia abyssinica;441,17;0,05;0,57;2
P2;Hagenia;abyssinica;63;20,06369427;2450;Placeau;Hagenia abyssinica;277,92;0,03;0,57;2
P2;Hagenia;abyssinica;45;14,33121019;2450;Placeau;Hagenia abyssinica;115,25;0,02;0,57;2
P2;Hagenia;abyssinica;95;30,25477707;2450;Placeau;Hagenia abyssinica;750,26;0,07;0,57;2
P2;Hagenia;abyssinica;59;18,78980892;2450;Placeau;Hagenia abyssinica;235,28;0,03;0,57;2
P2;Hagenia;abyssinica;72;22,92993631;2450;Placeau;Hagenia abyssinica;386,6;0,04;0,57;2
P2;Hagenia;abyssinica;37;11,78343949;2450;Placeau;Hagenia abyssinica;66,2;0,01;0,57;2
P2;Hagenia;abyssinica;55;17,51592357;2450;Placeau;Hagenia abyssinica;196,62;0,02;0,57;2
P2;Hagenia;abyssinica;47;14,96815287;2450;Placeau;Hagenia abyssinica;129,71;0,02;0,57;2
P2;Hagenia;abyssinica;53;16,87898089;2450;Placeau;Hagenia abyssinica;178,39;0,02;0,57;2
P2;Hagenia;abyssinica;60;19,10828025;2450;Placeau;Hagenia abyssinica;245,58;0,03;0,57;2
P2;Hagenia;abyssinica;75;23,88535032;2450;Placeau;Hagenia abyssinica;426,99;0,04;0,57;2
P2;Hagenia;abyssinica;41;13,05732484;2450;Placeau;Hagenia abyssinica;88,94;0,01;0,57;2
P2;Hagenia;abyssinica;76;24,20382166;2450;Placeau;Hagenia abyssinica;441,17;0,05;0,57;2
P2;Hagenia;abyssinica;77;24,52229299;2450;Placeau;Hagenia abyssinica;455,19;0,05;0,57;2
P2;Hagenia;abyssinica;86;27,38853503;2450;Placeau;Hagenia abyssinica;593,36;0,06;0,57;2
P2;Hagenia;abyssinica;54;17,19745223;2450;Placeau;Hagenia abyssinica;187,47;0,02;0,57;2
P2;Hagenia;abyssinica;53;16,87898089;2450;Placeau;Hagenia abyssinica;178,39;0,02;0,57;2
P2;Hagenia;abyssinica;58;18,47133758;2450;Placeau;Hagenia abyssinica;225,26;0,03;0,57;2
P2;Hagenia;abyssinica;50;15,92356688;2450;Placeau;Hagenia abyssinica;153,08;0,02;0,57;2
P2;Hagenia;abyssinica;61;19,42675159;2450;Placeau;Hagenia abyssinica;256,17;0,03;0,57;2
P2;Hagenia;abyssinica;41;13,05732484;2450;Placeau;Hagenia abyssinica;88,94;0,01;0,57;2
P2;Hagenia;abyssinica;63;20,06369427;2450;Placeau;Hagenia abyssinica;277,92;0,03;0,57;2
P2;Hagenia;abyssinica;78;24,84076433;2450;Placeau;Hagenia abyssinica;469,47;0,05;0,57;2
P2;Hagenia;abyssinica;53;16,87898089;2450;Placeau;Hagenia abyssinica;178,39;0,02;0,57;2
P2;Hagenia;abyssinica;128;40,76433121;2450;Placeau;Hagenia abyssinica;1485,5;0,13;0,57;2
P2;Hagenia;abyssinica;61;19,42675159;2450;Placeau;Hagenia abyssinica;256,17;0,03;0,57;2
P2;Hagenia;abyssinica;62;19,74522293;2450;Placeau;Hagenia abyssinica;266,75;0,03;0,57;2
P2;Hagenia;abyssinica;71;22,61146497;2450;Placeau;Hagenia abyssinica;373,56;0,04;0,57;2
P2;Hagenia;abyssinica;52;16,56050955;2450;Placeau;Hagenia abyssinica;169,81;0,02;0,57;2
P2;Hagenia;abyssinica;108;34,39490446;2450;Placeau;Hagenia abyssinica;1009,93;0,09;0,57;2
P2;Hagenia;abyssinica;81;25,79617834;2450;Placeau;Hagenia abyssinica;514,52;0,05;0,57;2
P2;Hagenia;abyssinica;48;15,2866242;2450;Placeau;Hagenia abyssinica;137,28;0,02;0,57;2
P2;Hagenia;abyssinica;65;20,70063694;2450;Placeau;Hagenia abyssinica;300,49;0,03;0,57;2
P2;Hagenia;abyssinica;64;20,38216561;2450;Placeau;Hagenia abyssinica;289,06;0,03;0,57;2
P2;Hagenia;abyssinica;49;15,60509554;2450;Placeau;Hagenia abyssinica;145,13;0,02;0,57;2
P2;Hagenia;abyssinica;67;21,33757962;2450;Placeau;Hagenia abyssinica;323,84;0,04;0,57;2
P2;Hagenia;abyssinica;72;22,92993631;2450;Placeau;Hagenia abyssinica;386,6;0,04;0,57;2
P2;Hagenia;abyssinica;86;27,38853503;2450;Placeau;Hagenia abyssinica;593,36;0,06;0,57;2
P2;Hagenia;abyssinica;35;11,14649682;2450;Placeau;Hagenia abyssinica;56,06;0,01;0,57;2
P2;Hagenia;abyssinica;129;41,08280255;2450;Placeau;Hagenia abyssinica;1512,72;0,13;0,57;2
P2;Hagenia;abyssinica;44;14,01273885;2450;Placeau;Hagenia abyssinica;108,36;0,02;0,57;2
P2;Hagenia;abyssinica;74;23,56687898;2450;Placeau;Hagenia abyssinica;413,53;0,04;0,57;2
P2;Hagenia;abyssinica;66;21,01910828;2450;Placeau;Hagenia abyssinica;311,85;0,03;0,57;2
P2;Hagenia;abyssinica;45;14,33121019;2450;Placeau;Hagenia abyssinica;115,25;0,02;0,57;2
P2;Hagenia;abyssinica;57;18,15286624;2450;Placeau;Hagenia abyssinica;215,51;0,03;0,57;2
P2;Hagenia;abyssinica;81;25,79617834;2450;Placeau;Hagenia abyssinica;514,52;0,05;0,57;2
P2;Hagenia;abyssinica;61;19,42675159;2450;Placeau;Hagenia abyssinica;256,17;0,03;0,57;2
P2;Hagenia;abyssinica;57;18,15286624;2450;Placeau;Hagenia abyssinica;215,51;0,03;0,57;2
P2;Hagenia;abyssinica;48;15,2866242;2450;Placeau;Hagenia abyssinica;137,28;0,02;0,57;2
P2;Hagenia;abyssinica;64;20,38216561;2450;Placeau;Hagenia abyssinica;289,06;0,03;0,57;2
P2;Hagenia;abyssinica;69;21,97452229;2450;Placeau;Hagenia abyssinica;348,32;0,04;0,57;2
P2;Hagenia;abyssinica;45;14,33121019;2450;Placeau;Hagenia abyssinica;115,25;0,02;0,57;2
P2;Hagenia;abyssinica;43;13,69426752;2450;Placeau;Hagenia abyssinica;101,75;0,01;0,57;2
P2;Hagenia;abyssinica;59;18,78980892;2450;Placeau;Hagenia abyssinica;235,28;0,03;0,57;2
P2;Hagenia;abyssinica;93;29,61783439;2450;Placeau;Hagenia abyssinica;713,57;0,07;0,57;2
P2;Hagenia;abyssinica;50;15,92356688;2450;Placeau;Hagenia abyssinica;153,08;0,02;0,57;2
P2;Hagenia;abyssinica;42;13,37579618;2450;Placeau;Hagenia abyssinica;95,27;0,01;0,57;2
P2;Hagenia;abyssinica;43;13,69426752;2450;Placeau;Hagenia abyssinica;101,75;0,01;0,57;2
P2;Hagenia;abyssinica;40;12,7388535;2450;Placeau;Hagenia abyssinica;83,02;0,01;0,57;2
P2;Hagenia;abyssinica;60;19,10828025;2450;Placeau;Hagenia abyssinica;245,58;0,03;0,57;2
P2;Hagenia;abyssinica;58;18,47133758;2450;Placeau;Hagenia abyssinica;225,26;0,03;0,57;2
P2;Hagenia;abyssinica;41;13,05732484;2450;Placeau;Hagenia abyssinica;88,94;0,01;0,57;2
P2;Hagenia;abyssinica;40;12,7388535;2450;Placeau;Hagenia abyssinica;83,02;0,01;0,57;2
P2;Hagenia;abyssinica;76;24,20382166;2450;Placeau;Hagenia abyssinica;441,17;0,05;0,57;2
P2;Macaranga;neomildbraediana;50;15,92356688;2450;Placeau;Macaranga neomildbraediana;153,08;0,02;0,38;2
P2;Macaranga;neomildbraediana;73;23,24840764;2450;Placeau;Macaranga neomildbraediana;399,92;0,04;0,38;2
P2;Macaranga;neomildbraediana;42;13,37579618;2450;Placeau;Macaranga neomildbraediana;95,27;0,01;0,38;2
P2;Macaranga;neomildbraediana;89;28,34394904;2450;Placeau;Macaranga neomildbraediana;643,56;0,06;0,38;2
P2;Macaranga;neomildbraediana;39;12,42038217;2450;Placeau;Macaranga neomildbraediana;77,13;0,01;0,38;2
P2;Macaranga;neomildbraediana;49;15,60509554;2450;Placeau;Macaranga neomildbraediana;145,13;0,02;0,38;2
P2;Macaranga;neomildbraediana;61;19,42675159;2450;Placeau;Macaranga neomildbraediana;256,17;0,03;0,38;2
P2;Macaranga;neomildbraediana;70;22,29299363;2450;Placeau;Macaranga neomildbraediana;360,8;0,04;0,38;2
P2;Macaranga;neomildbraediana;69;21,97452229;2450;Placeau;Macaranga neomildbraediana;348,32;0,04;0,38;2
P2;Macaranga;neomildbraediana;92;29,29936306;2450;Placeau;Macaranga neomildbraediana;695,65;0,07;0,38;2
P2;Macaranga;neomildbraediana;63;20,06369427;2450;Placeau;Macaranga neomildbraediana;277,92;0,03;0,38;2
P2;Macaranga;neomildbraediana;79;25,15923567;2450;Placeau;Macaranga neomildbraediana;484,53;0,05;0,38;2
P2;Macaranga;neomildbraediana;120;38,21656051;2450;Placeau;Macaranga neomildbraediana;1284,13;0,11;0,38;2
P2;Macaranga;neomildbraediana;61;19,42675159;2450;Placeau;Macaranga neomildbraediana;256,17;0,03;0,38;2
P2;Macaranga;neomildbraediana;47;14,96815287;2450;Placeau;Macaranga neomildbraediana;129,71;0,02;0,38;2
P2;Macaranga;neomildbraediana;38;12,10191083;2450;Placeau;Macaranga neomildbraediana;71,53;0,01;0,38;2
P2;Macaranga;neomildbraediana;48;15,2866242;2450;Placeau;Macaranga neomildbraediana;137,28;0,02;0,38;2
P2;Macaranga;neomildbraediana;91;28,98089172;2450;Placeau;Macaranga neomildbraediana;678,01;0,07;0,38;2
P2;Macaranga;neomildbraediana;102;32,48407643;2450;Placeau;Macaranga neomildbraediana;885,32;0,08;0,38;2
P2;Macaranga;neomildbraediana;37;11,78343949;2450;Placeau;Macaranga neomildbraediana;66,2;0,01;0,38;2
P2;Macaranga;neomildbraediana;48;15,2866242;2450;Placeau;Macaranga neomildbraediana;137,28;0,02;0,38;2
P2;Macaranga;neomildbraediana;42;13,37579618;2450;Placeau;Macaranga neomildbraediana;95,27;0,01;0,38;2
P2;Macaranga;neomildbraediana;40;12,7388535;2450;Placeau;Macaranga neomildbraediana;83,02;0,01;0,38;2
P2;Macaranga;neomildbraediana;38;12,10191083;2450;Placeau;Macaranga neomildbraediana;71,53;0,01;0,38;2
P2;Macaranga;neomildbraediana;53;16,87898089;2450;Placeau;Macaranga neomildbraediana;178,39;0,02;0,38;2
P2;Macaranga;neomildbraediana;51;16,24203822;2450;Placeau;Macaranga neomildbraediana;161,3;0,02;0,38;2
P2;Macaranga;neomildbraediana;73;23,24840764;2450;Placeau;Macaranga neomildbraediana;399,92;0,04;0,38;2
P2;Macaranga;neomildbraediana;50;15,92356688;2450;Placeau;Macaranga neomildbraediana;153,08;0,02;0,38;2
P2;Macaranga;neomildbraediana;49;15,60509554;2450;Placeau;Macaranga neomildbraediana;145,13;0,02;0,38;2
P2;Macaranga;neomildbraediana;44;14,01273885;2450;Placeau;Macaranga neomildbraediana;108,36;0,02;0,38;2
P2;Macaranga;neomildbraediana;63;20,06369427;2450;Placeau;Macaranga neomildbraediana;277,92;0,03;0,38;2
P2;Macaranga;neomildbraediana;56;17,8343949;2450;Placeau;Macaranga neomildbraediana;205,8;0,02;0,38;2
P2;Macaranga;neomildbraediana;69;21,97452229;2450;Placeau;Macaranga neomildbraediana;348,32;0,04;0,38;2
P2;Macaranga;neomildbraediana;67;21,33757962;2450;Placeau;Macaranga neomildbraediana;323,84;0,04;0,38;2
P2;Macaranga;neomildbraediana;64;20,38216561;2450;Placeau;Macaranga neomildbraediana;289,06;0,03;0,38;2
P2;Macaranga;neomildbraediana;55;17,51592357;2450;Placeau;Macaranga neomildbraediana;196,62;0,02;0,38;2
P2;Macaranga;neomildbraediana;76;24,20382166;2450;Placeau;Macaranga neomildbraediana;441,17;0,05;0,38;2
P2;Macaranga;neomildbraediana;37;11,78343949;2450;Placeau;Macaranga neomildbraediana;66,2;0,01;0,38;2
P2;Macaranga;neomildbraediana;63;20,06369427;2450;Placeau;Macaranga neomildbraediana;277,92;0,03;0,38;2
P2;Macaranga;neomildbraediana;40;12,7388535;2450;Placeau;Macaranga neomildbraediana;83,02;0,01;0,38;2
P2;Macaranga;neomildbraediana;46;14,64968153;2450;Placeau;Macaranga neomildbraediana;122,42;0,02;0,38;2
P2;Macaranga;neomildbraediana;49;15,60509554;2450;Placeau;Macaranga neomildbraediana;145,13;0,02;0,38;2
P2;Macaranga;neomildbraediana;54;17,19745223;2450;Placeau;Macaranga neomildbraediana;187,47;0,02;0,38;2
P2;Macaranga;neomildbraediana;48;15,2866242;2450;Placeau;Macaranga neomildbraediana;137,28;0,02;0,38;2
P2;Macaranga;neomildbraediana;40;12,7388535;2450;Placeau;Macaranga neomildbraediana;83,02;0,01;0,38;2
P2;Macaranga;neomildbraediana;52;16,56050955;2450;Placeau;Macaranga neomildbraediana;169,81;0,02;0,38;2
P2;Macaranga;neomildbraediana;75;23,88535032;2450;Placeau;Macaranga neomildbraediana;426,99;0,04;0,38;2
P2;Macaranga;neomildbraediana;117;37,2611465;2450;Placeau;Macaranga neomildbraediana;1212,13;0,11;0,38;2
P2;Macaranga;neomildbraediana;37;11,78343949;2450;Placeau;Macaranga neomildbraediana;66,2;0,01;0,38;2
P2;Macaranga;neomildbraediana;86;27,38853503;2450;Placeau;Macaranga neomildbraediana;593,36;0,06;0,38;2
P2;Macaranga;neomildbraediana;102;32,48407643;2450;Placeau;Macaranga neomildbraediana;885,32;0,08;0,38;2
P2;Macaranga;neomildbraediana;48;15,2866242;2450;Placeau;Macaranga neomildbraediana;137,28;0,02;0,38;2
P2;Macaranga;neomildbraediana;41;13,05732484;2450;Placeau;Macaranga neomildbraediana;88,94;0,01;0,38;2
P2;Macaranga;neomildbraediana;45;14,33121019;2450;Placeau;Macaranga neomildbraediana;115,25;0,02;0,38;2
P2;Macaranga;neomildbraediana;98;31,21019108;2450;Placeau;Macaranga neomildbraediana;806,69;0,08;0,38;2
P2;Macaranga;neomildbraediana;57;18,15286624;2450;Placeau;Macaranga neomildbraediana;215,51;0,03;0,38;2
P2;Macaranga;neomildbraediana;39;12,42038217;2450;Placeau;Macaranga neomildbraediana;77,13;0,01;0,38;2
P2;Macaranga;neomildbraediana;39;12,42038217;2450;Placeau;Macaranga neomildbraediana;77,13;0,01;0,38;2
P2;Macaranga;neomildbraediana;35;11,14649682;2450;Placeau;Macaranga neomildbraediana;56,06;0,01;0,38;2
P2;Macaranga;neomildbraediana;53;16,87898089;2450;Placeau;Macaranga neomildbraediana;178,39;0,02;0,38;2
P2;Macaranga;neomildbraediana;44;14,01273885;2450;Placeau;Macaranga neomildbraediana;108,36;0,02;0,38;2
P2;Macaranga;neomildbraediana;63;20,06369427;2450;Placeau;Macaranga neomildbraediana;277,92;0,03;0,38;2
P2;Macaranga;neomildbraediana;56;17,8343949;2450;Placeau;Macaranga neomildbraediana;205,8;0,02;0,38;2
P2;Macaranga;neomildbraediana;69;21,97452229;2450;Placeau;Macaranga neomildbraediana;348,32;0,04;0,38;2
P2;Macaranga;neomildbraediana;82;26,11464968;2450;Placeau;Macaranga neomildbraediana;529,42;0,05;0,38;2
P2;Macaranga;neomildbraediana;60;19,10828025;2450;Placeau;Macaranga neomildbraediana;245,58;0,03;0,38;2
P2;Macaranga;neomildbraediana;75;23,88535032;2450;Placeau;Macaranga neomildbraediana;426,99;0,04;0,38;2
P2;Macaranga;neomildbraediana;63;20,06369427;2450;Placeau;Macaranga neomildbraediana;277,92;0,03;0,38;2
P2;Macaranga;neomildbraediana;75;23,88535032;2450;Placeau;Macaranga neomildbraediana;426,99;0,04;0,38;2
P2;Macaranga;neomildbraediana;59;18,78980892;2450;Placeau;Macaranga neomildbraediana;235,28;0,03;0,38;2
P2;Macaranga;neomildbraediana;68;21,65605096;2450;Placeau;Macaranga neomildbraediana;336,12;0,04;0,38;2
P2;Macaranga;neomildbraediana;72;22,92993631;2450;Placeau;Macaranga neomildbraediana;386,6;0,04;0,38;2
P2;Macaranga;neomildbraediana;59;18,78980892;2450;Placeau;Macaranga neomildbraediana;235,28;0,03;0,38;2
P2;Macaranga;neomildbraediana;41;13,05732484;2450;Placeau;Macaranga neomildbraediana;88,94;0,01;0,38;2
P2;Macaranga;neomildbraediana;34;10,82802548;2450;Placeau;Macaranga neomildbraediana;51,36;0,01;0,38;2
P2;Macaranga;neomildbraediana;49;15,60509554;2450;Placeau;Macaranga neomildbraediana;145,13;0,02;0,38;2
P2;Macaranga;neomildbraediana;67;21,33757962;2450;Placeau;Macaranga neomildbraediana;323,84;0,04;0,38;2
P2;Macaranga;neomildbraediana;66;21,01910828;2450;Placeau;Macaranga neomildbraediana;311,85;0,03;0,38;2
P2;Macaranga;neomildbraediana;107;34,07643312;2450;Placeau;Macaranga neomildbraediana;988,62;0,09;0,38;2
P2;Macaranga;neomildbraediana;94;29,93630573;2450;Placeau;Macaranga neomildbraediana;731,78;0,07;0,38;2
P2;Macaranga;neomildbraediana;117;37,2611465;2450;Placeau;Macaranga neomildbraediana;1212,13;0,11;0,38;2
P2;Macaranga;neomildbraediana;104;33,12101911;2450;Placeau;Macaranga neomildbraediana;925,47;0,09;0,38;2
P2;Macaranga;neomildbraediana;132;42,03821656;2450;Placeau;Macaranga neomildbraediana;1592,1;0,14;0,38;2
P2;Macaranga;neomildbraediana;57;18,15286624;2450;Placeau;Macaranga neomildbraediana;215,51;0,03;0,38;2
P2;Macaranga;neomildbraediana;41;13,05732484;2450;Placeau;Macaranga neomildbraediana;88,94;0,01;0,38;2
P2;Macaranga;neomildbraediana;33;10,50955414;2450;Placeau;Macaranga neomildbraediana;46,85;0,01;0,38;2
P2;Macaranga;neomildbraediana;32;10,1910828;2450;Placeau;Macaranga neomildbraediana;42,52;0,01;0,38;2
P2;Macaranga;neomildbraediana;52;16,56050955;2450;Placeau;Macaranga neomildbraediana;169,81;0,02;0,38;2
P2;Macaranga;neomildbraediana;48;15,2866242;2450;Placeau;Macaranga neomildbraediana;137,28;0,02;0,38;2
P2;Macaranga;neomildbraediana;54;17,19745223;2450;Placeau;Macaranga neomildbraediana;187,47;0,02;0,38;2
P2;Macaranga;neomildbraediana;41;13,05732484;2450;Placeau;Macaranga neomildbraediana;88,94;0,01;0,38;2
P2;Macaranga;neomildbraediana;51;16,24203822;2450;Placeau;Macaranga neomildbraediana;161,3;0,02;0,38;2
P2;Macaranga;neomildbraediana;69;21,97452229;2450;Placeau;Macaranga neomildbraediana;348,32;0,04;0,38;2
P2;Macaranga;neomildbraediana;101;32,1656051;2450;Placeau;Macaranga neomildbraediana;864,84;0,08;0,38;2
P2;Macaranga;neomildbraediana;90;28,66242038;2450;Placeau;Macaranga neomildbraediana;660,65;0,06;0,38;2
P2;Macaranga;neomildbraediana;69;21,97452229;2450;Placeau;Macaranga neomildbraediana;348,32;0,04;0,38;2
P2;Macaranga;neomildbraediana;46;14,64968153;2450;Placeau;Macaranga neomildbraediana;122,42;0,02;0,38;2
P2;Macaranga;neomildbraediana;66;21,01910828;2450;Placeau;Macaranga neomildbraediana;311,85;0,03;0,38;2
P2;Macaranga;neomildbraediana;68;21,65605096;2450;Placeau;Macaranga neomildbraediana;336,12;0,04;0,38;2
P2;Macaranga;neomildbraediana;76;24,20382166;2450;Placeau;Macaranga neomildbraediana;441,17;0,05;0,38;2
P2;Macaranga;neomildbraediana;48;15,2866242;2450;Placeau;Macaranga neomildbraediana;137,28;0,02;0,38;2
P2;Macaranga;neomildbraediana;54;17,19745223;2450;Placeau;Macaranga neomildbraediana;187,47;0,02;0,38;2
P2;Macaranga;neomildbraediana;96;30,57324841;2450;Placeau;Macaranga neomildbraediana;769,03;0,07;0,38;2
P2;Macaranga;neomildbraediana;47;14,96815287;2450;Placeau;Macaranga neomildbraediana;129,71;0,02;0,38;2
P2;Macaranga;neomildbraediana;53;16,87898089;2450;Placeau;Macaranga neomildbraediana;178,39;0,02;0,38;2
P2;Macaranga;neomildbraediana;72;22,92993631;2450;Placeau;Macaranga neomildbraediana;386,6;0,04;0,38;2
P2;Macaranga;neomildbraediana;62;19,74522293;2450;Placeau;Macaranga neomildbraediana;266,75;0,03;0,38;2
P2;Macaranga;neomildbraediana;46;14,64968153;2450;Placeau;Macaranga neomildbraediana;122,42;0,02;0,38;2
P2;Macaranga;neomildbraediana;58;18,47133758;2450;Placeau;Macaranga neomildbraediana;225,26;0,03;0,38;2
P2;Nuxia;congesta;49;15,60509554;2450;Placeau;Nuxia congesta;145,13;0,02;0,68;2
P2;Nuxia;congesta;45;14,33121019;2450;Placeau;Nuxia congesta;115,25;0,02;0,68;2
P2;Nuxia;congesta;52;16,56050955;2450;Placeau;Nuxia congesta;169,81;0,02;0,68;2
P2;Nuxia;congesta;45;14,33121019;2450;Placeau;Nuxia congesta;115,25;0,02;0,68;2
P2;Nuxia;congesta;38;12,10191083;2450;Placeau;Nuxia congesta;71,53;0,01;0,68;2
P2;Nuxia;congesta;45;14,33121019;2450;Placeau;Nuxia congesta;115,25;0,02;0,68;2
P2;Nuxia;congesta;54;17,19745223;2450;Placeau;Nuxia congesta;187,47;0,02;0,68;2
P2;Nuxia;congesta;72;22,92993631;2450;Placeau;Nuxia congesta;386,6;0,04;0,68;2
P2;Nuxia;congesta;38;12,10191083;2450;Placeau;Nuxia congesta;71,53;0,01;0,68;2
P2;Nuxia;congesta;42;13,37579618;2450;Placeau;Nuxia congesta;95,27;0,01;0,68;2
P2;Nuxia;congesta;62;19,74522293;2450;Placeau;Nuxia congesta;266,75;0,03;0,68;2
P2;Nuxia;congesta;40;12,7388535;2450;Placeau;Nuxia congesta;83,02;0,01;0,68;2
P2;Nuxia;congesta;76;24,20382166;2450;Placeau;Nuxia congesta;441,17;0,05;0,68;2
P2;Nuxia;congesta;66;21,01910828;2450;Placeau;Nuxia congesta;311,85;0,03;0,68;2
P2;Nuxia;congesta;43;13,69426752;2450;Placeau;Nuxia congesta;101,75;0,01;0,68;2
P2;Nuxia;congesta;53;16,87898089;2450;Placeau;Nuxia congesta;178,39;0,02;0,68;2
P2;Nuxia;congesta;34;10,82802548;2450;Placeau;Nuxia congesta;51,36;0,01;0,68;2
P2;Nuxia;congesta;55;17,51592357;2450;Placeau;Nuxia congesta;196,62;0,02;0,68;2
P2;Nuxia;congesta;78;24,84076433;2450;Placeau;Nuxia congesta;469,47;0,05;0,68;2
P2;Nuxia;congesta;50;15,92356688;2450;Placeau;Nuxia congesta;153,08;0,02;0,68;2
P2;Nuxia;congesta;42;13,37579618;2450;Placeau;Nuxia congesta;95,27;0,01;0,68;2
P2;Nuxia;congesta;38;12,10191083;2450;Placeau;Nuxia congesta;71,53;0,01;0,68;2
P2;Nuxia;congesta;70;22,29299363;2450;Placeau;Nuxia congesta;360,8;0,04;0,68;2
P2;Nuxia;congesta;76;24,20382166;2450;Placeau;Nuxia congesta;441,17;0,05;0,68;2
P2;Nuxia;congesta;54;17,19745223;2450;Placeau;Nuxia congesta;187,47;0,02;0,68;2
P2;Nuxia;congesta;61;19,42675159;2450;Placeau;Nuxia congesta;256,17;0,03;0,68;2
P2;Nuxia;congesta;73;23,24840764;2450;Placeau;Nuxia congesta;399,92;0,04;0,68;2
P2;Nuxia;congesta;58;18,47133758;2450;Placeau;Nuxia congesta;225,26;0,03;0,68;2
P2;Nuxia;congesta;43;13,69426752;2450;Placeau;Nuxia congesta;101,75;0,01;0,68;2
P2;Nuxia;congesta;53;16,87898089;2450;Placeau;Nuxia congesta;178,39;0,02;0,68;2
P2;Nuxia;congesta;36;11,46496815;2450;Placeau;Nuxia congesta;61,04;0,01;0,68;2
P2;Nuxia;congesta;50;15,92356688;2450;Placeau;Nuxia congesta;153,08;0,02;0,68;2
P2;Nuxia;congesta;101;32,1656051;2450;Placeau;Nuxia congesta;864,84;0,08;0,68;2
P2;Nuxia;congesta;45;14,33121019;2450;Placeau;Nuxia congesta;115,25;0,02;0,68;2
P2;Nuxia;congesta;65;20,70063694;2450;Placeau;Nuxia congesta;300,49;0,03;0,68;2
P2;Polyscias;fulva;95;30,25477707;2450;Placeau;Polyscias fulva;750,26;0,07;0,24;2
P2;Polyscias;fulva;91;28,98089172;2450;Placeau;Polyscias fulva;678,01;0,07;0,24;2
P2;Polyscias;fulva;116;36,94267516;2450;Placeau;Polyscias fulva;1189,39;0,11;0,24;2
P2;Polyscias;fulva;91;28,98089172;2450;Placeau;Polyscias fulva;678,01;0,07;0,24;2
P2;Polyscias;fulva;117;37,2611465;2450;Placeau;Polyscias fulva;1212,13;0,11;0,24;2
P2;Polyscias;fulva;79;25,15923567;2450;Placeau;Polyscias fulva;484,53;0,05;0,24;2
P2;Polyscias;fulva;60;19,10828025;2450;Placeau;Polyscias fulva;245,58;0,03;0,24;2
P2;Polyscias;fulva;70;22,29299363;2450;Placeau;Polyscias fulva;360,8;0,04;0,24;2
P2;Polyscias;fulva;61;19,42675159;2450;Placeau;Polyscias fulva;256,17;0,03;0,24;2
P2;Polyscias;fulva;111;35,35031847;2450;Placeau;Polyscias fulva;1075,52;0,1;0,24;2
P2;Polyscias;fulva;113;35,98726115;2450;Placeau;Polyscias fulva;1120,65;0,1;0,24;2
P2;Polyscias;fulva;59;18,78980892;2450;Placeau;Polyscias fulva;235,28;0,03;0,24;2
P2;Polyscias;fulva;114;36,30573248;2450;Placeau;Polyscias fulva;1142,61;0,1;0,24;2
P2;Polyscias;fulva;101;32,1656051;2450;Placeau;Polyscias fulva;864,84;0,08;0,24;2
P2;Polyscias;fulva;127;40,44585987;2450;Placeau;Polyscias fulva;1459,84;0,13;0,24;2
P2;Syzygium;sp;59;18,78980892;2450;Placeau;Syzygium sp;235,28;0,03;0,68;2
P2;Syzygium;sp;83;26,43312102;2450;Placeau;Syzygium sp;545,11;0,05;0,68;2
T1;Carapa;grandiflora;105;33,43949045;2376;Transect;Carapa grandiflora;1349,26;0,09;0,55;0,19
T1;Carapa;grandiflora;80;25,47770701;2376;Transect;Carapa grandiflora;661,16;0,05;0,55;0,19
T1;Carapa;grandiflora;190;60,50955414;2376;Transect;Carapa grandiflora;5690,37;0,29;0,55;0,19
T1;Chascalia;cibrocreata;67;21,33757962;2376;Transect;Chascalia cibrocreata;408,42;0,04;0,49;0,19
T1;Dracaena;mannii;47;14,96815287;2376;Transect;Dracaena mannii;150;0,02;0,42;0,19
T1;Macaranga;kilimandscharica;104;33,12101911;2376;Transect;Macaranga kilimandscharica;1316,89;0,09;0,4;0,19
T1;Macaranga;kilimandscharica;107;34,07643312;2376;Transect;Macaranga kilimandscharica;1415,53;0,09;0,4;0,19
T1;Macaranga;kilimandscharica;41;13,05732484;2376;Transect;Macaranga kilimandscharica;100,55;0,01;0,4;0,19
T1;Macaranga;kilimandscharica;91;28,98089172;2376;Transect;Macaranga kilimandscharica;930,88;0,07;0,4;0,19
T1;Milletia;dura;121;38,53503185;2376;Transect;Milletia dura;1932;0,12;0,49;0,19
T1;Milletia;dura;120;38,21656051;2376;Transect;Milletia dura;1892,29;0,11;0,49;0,19
T1;Milletia;dura;94;29,93630573;2376;Transect;Milletia dura;1013,39;0,07;0,49;0,19
T1;Milletia;dura;63;20,06369427;2376;Transect;Milletia dura;344,28;0,03;0,49;0,19
T1;Mirentous;sp;110;35,03184713;2376;Transect;Mirentous sp;1518,81;0,1;0,49;0,19
T1;Neoboutonia;macrocalyx;83;26,43312102;2376;Transect;Neoboutonia macrocalyx;729,52;0,05;0,33;0,19
T1;Simphonia;globulifera;46;14,64968153;2376;Transect;Simphonia globulifera;140,86;0,02;0,49;0,19
T1;Strombosia;grandifolia;87;27,70700637;2376;Transect;Strombosia grandifolia;826,49;0,06;0,82;0,19
T1;Strombosia;grandifolia;78;24,84076433;2376;Transect;Strombosia grandifolia;618,01;0,05;0,82;0,19
T1;Strombosia;goetzeni;168;53,50318471;2376;Transect;Strombosia goetzeni;4278,29;0,22;0,72;0,19
T1;Syzygium;guineense;105;33,43949045;2376;Transect;Syzygium guineense;1349,26;0,09;0,61;0,19
T1;Syzygium;guineense;113;35,98726115;2376;Transect;Syzygium guineense;1626,84;0,1;0,61;0,19
T1;Syzygium;guineense;150;47,77070064;2376;Transect;Syzygium guineense;3269,33;0,18;0,61;0,19
T1;Tabernaemontana;crassa;39;12,42038217;2376;Transect;Tabernaemontana crassa;86,68;0,01;0,55;0,19
T1;Xymalos;monospora;47;14,96815287;2376;Transect;Xymalos monospora;150;0,02;0,49;0,19
T1;Xymalos;monospora;49;15,60509554;2376;Transect;Xymalos monospora;169,07;0,02;0,49;0,19
T1;Xymalos;monospora;150;47,77070064;2376;Transect;Xymalos monospora;3269,33;0,18;0,49;0,19
T1;Milletia;dura;115;36,62420382;2376;Transect;Milletia dura;1700,51;0,11;0,49;0,19
T1;Neoboutonia;macrocalyx;70;22,29299363;2376;Transect;Neoboutonia macrocalyx;460,43;0,04;0,33;0,19
T1;Neoboutonia;macrocalyx;108;34,39490446;2376;Transect;Neoboutonia macrocalyx;1450,35;0,09;0,33;0,19
T1;Polyscias;fulva;163;51,91082803;2376;Transect;Polyscias fulva;3983,62;0,21;0,24;0,19
T1;Polyscias;fulva;235;74,84076433;2376;Transect;Polyscias fulva;9173,2;0,44;0,24;0,19
T1;Strombosia;grandifolia;140;44,58598726;2376;Transect;Strombosia grandifolia;2767,94;0,16;0,82;0,19
T1;Strombosia;goetzeni;46;14,64968153;2376;Transect;Strombosia goetzeni;140,86;0,02;0,72;0,19
T1;Syzygium;guineense;91;28,98089172;2376;Transect;Syzygium guineense;930,88;0,07;0,61;0,19
T1;Syzygium;guineense;100;31,84713376;2376;Transect;Syzygium guineense;1190,06;0,08;0,61;0,19
T1;Carapa;grandiflora;112;35,66878981;2376;Transect;Carapa grandiflora;1590,3;0,1;0,55;0,19
T1;Chascalia;cibrocreata;79;25,15923567;2376;Transect;Chascalia cibrocreata;639,34;0,05;0,49;0,19
T1;Dombeya;sp;63;20,06369427;2376;Transect;Dombeya sp;344,28;0,03;0,48;0,19
T1;Milletia;dura;94;29,93630573;2376;Transect;Milletia dura;1013,39;0,07;0,49;0,19
T1;Nuxia;congesta;87;27,70700637;2376;Transect;Nuxia congesta;826,49;0,06;0,68;0,19
T1;Nuxia;congesta;176;56,05095541;2376;Transect;Nuxia congesta;4768,4;0,25;0,68;0,19
T1;Nuxia;congesta;176;56,05095541;2376;Transect;Nuxia congesta;4768,4;0,25;0,68;0,19
T1;Pinus;africanus;39;12,42038217;2376;Transect;Pinus africanus;86,68;0,01;0,44;0,19
T1;Strombosia;grandifolia;38;12,10191083;2376;Transect;Strombosia grandifolia;80,25;0,01;0,82;0,19
T1;Strombosia;grandifolia;39;12,42038217;2376;Transect;Strombosia grandifolia;86,68;0,01;0,82;0,19
T1;Strombosia;grandifolia;61;19,42675159;2376;Transect;Strombosia grandifolia;314,88;0,03;0,82;0,19
T1;Strombosia;goetzeni;87;27,70700637;2376;Transect;Strombosia goetzeni;826,49;0,06;0,72;0,19
T1;Syzygium;guineense;86;27,38853503;2376;Transect;Syzygium guineense;801,79;0,06;0,61;0,19
T1;Syzygium;guineense;215;68,47133758;2376;Transect;Syzygium guineense;7529,47;0,37;0,61;0,19
T1;Alangium;chinense;55;17,51592357;2376;Transect;Alangium chinense;235,33;0,02;0,4;0,19
T1;Anthocleista;procera;45;14,33121019;2376;Transect;Anthocleista procera;132,1;0,02;0,54;0,19
T1;Begonia;maculata;46;14,64968153;2376;Transect;Begonia maculata;140,86;0,02;0,49;0,19
T1;Bridelia;micrantha;63;20,06369427;2376;Transect;Bridelia micrantha;344,28;0,03;0,51;0,19
T1;Carapa;grandiflora;122;38,85350318;2376;Transect;Carapa grandiflora;1972,25;0,12;0,55;0,19
T1;Carapa;grandiflora;98;31,21019108;2376;Transect;Carapa grandiflora;1129,36;0,08;0,55;0,19
T1;Chascalia;cibrocreata;121;38,53503185;2376;Transect;Chascalia cibrocreata;1932;0,12;0,49;0,19
T1;Cimulaxe;calcia;80;25,47770701;2376;Transect;Cimulaxe calcia;661,16;0,05;0,49;0,19
T1;Coffea;arabica;87;27,70700637;2376;Transect;Coffea arabica;826,49;0,06;0,62;0,19
T1;Dalbergia;lactea;76;24,20382166;2376;Transect;Dalbergia lactea;575,84;0,05;0,79;0,19
T1;Macaranga;kilimandscharica;58;18,47133758;2376;Transect;Macaranga kilimandscharica;273,32;0,03;0,4;0,19
T1;Neoboutonia;macrocalyx;62;19,74522293;2376;Transect;Neoboutonia macrocalyx;329,52;0,03;0,33;0,19
T1;Phytolacca;dodecandra;48;15,2866242;2376;Transect;Phytolacca dodecandra;159,34;0,02;0,26;0,19
T1;Polyscias;fulva;77;24,52229299;2376;Transect;Polyscias fulva;596,68;0,05;0,24;0,19
T1;Rubus;sp;67;21,33757962;2376;Transect;Rubus sp;408,42;0,04;0,35;0,19
T1;Syzygium;guineense;124;39,49044586;2376;Transect;Syzygium guineense;2053,13;0,12;0,61;0,19
T1;Syzygium;guineense;165;52,5477707;2376;Transect;Syzygium guineense;4101,21;0,22;0,61;0,19
T1;Syzygium;guineense;224;71,33757962;2376;Transect;Syzygium guineense;8247,88;0,4;0,61;0,19
T1;Syzygium;guineense;115;36,62420382;2376;Transect;Syzygium guineense;1700,51;0,11;0,61;0,19
T1;Triumfetta;cordifolia;35;11,14649682;2376;Transect;Triumfetta cordifolia;62,7;0,01;0,49;0,19
T1;Macaranga;neomildbraediana;71;22,61146497;2376;Transect;Macaranga neomildbraediana;478,82;0,04;0,38;0,19
T1;Macaranga;neomildbraediana;80;25,47770701;2376;Transect;Macaranga neomildbraediana;661,16;0,05;0,38;0,19
T1;Macaranga;neomildbraediana;190;60,50955414;2376;Transect;Macaranga neomildbraediana;5690,37;0,29;0,38;0,19
T1;Macaranga;neomildbraediana;80;25,47770701;2376;Transect;Macaranga neomildbraediana;661,16;0,05;0,38;0,19
T1;Macaranga;neomildbraediana;140;44,58598726;2376;Transect;Macaranga neomildbraediana;2767,94;0,16;0,38;0,19
T1;Macaranga;neomildbraediana;66;21,01910828;2376;Transect;Macaranga neomildbraediana;391,87;0,03;0,38;0,19
T1;Macaranga;neomildbraediana;56;17,8343949;2376;Transect;Macaranga neomildbraediana;247,65;0,02;0,38;0,19
T1;Macaranga;neomildbraediana;36;11,46496815;2376;Transect;Macaranga neomildbraediana;68,26;0,01;0,38;0,19
T1;Macaranga;neomildbraediana;180;57,32484076;2376;Transect;Macaranga neomildbraediana;5023,22;0,26;0,38;0,19
T1;Macaranga;neomildbraediana;160;50,95541401;2376;Transect;Macaranga neomildbraediana;3812,21;0,2;0,38;0,19
T1;Macaranga;neomildbraediana;126;40,12738854;2376;Transect;Macaranga neomildbraediana;2136,1;0,13;0,38;0,19
T1;Macaranga;neomildbraediana;43;13,69426752;2376;Transect;Macaranga neomildbraediana;115,68;0,01;0,38;0,19
T1;Macaranga;neomildbraediana;68;21,65605096;2376;Transect;Macaranga neomildbraediana;425,42;0,04;0,38;0,19
T1;Macaranga;neomildbraediana;58;18,47133758;2376;Transect;Macaranga neomildbraediana;273,32;0,03;0,38;0,19
T1;Macaranga;neomildbraediana;49;15,60509554;2376;Transect;Macaranga neomildbraediana;169,07;0,02;0,38;0,19
T1;Macaranga;neomildbraediana;72;22,92993631;2376;Transect;Macaranga neomildbraediana;497,29;0,04;0,38;0,19
T1;Macaranga;neomildbraediana;74;23,56687898;2376;Transect;Macaranga neomildbraediana;536,04;0,04;0,38;0,19
T1;Macaranga;neomildbraediana;40;12,7388535;2376;Transect;Macaranga neomildbraediana;93,45;0,01;0,38;0,19
T1;Macaranga;neomildbraediana;45;14,33121019;2376;Transect;Macaranga neomildbraediana;132,1;0,02;0,38;0,19
T1;Macaranga;neomildbraediana;189;60,1910828;2376;Transect;Macaranga neomildbraediana;5622,22;0,28;0,38;0,19
T1;Macaranga;neomildbraediana;44;14,01273885;2376;Transect;Macaranga neomildbraediana;123,71;0,02;0,38;0,19
T1;Macaranga;neomildbraediana;36;11,46496815;2376;Transect;Macaranga neomildbraediana;68,26;0,01;0,38;0,19
T1;Macaranga;neomildbraediana;39;12,42038217;2376;Transect;Macaranga neomildbraediana;86,68;0,01;0,38;0,19
T1;Macaranga;neomildbraediana;90;28,66242038;2376;Transect;Macaranga neomildbraediana;904,18;0,06;0,38;0,19
T1;Macaranga;neomildbraediana;47;14,96815287;2376;Transect;Macaranga neomildbraediana;150;0,02;0,38;0,19
T1;Macaranga;neomildbraediana;59;18,78980892;2376;Transect;Macaranga neomildbraediana;286,65;0,03;0,38;0,19
T1;Macaranga;neomildbraediana;43;13,69426752;2376;Transect;Macaranga neomildbraediana;115,68;0,01;0,38;0,19
T1;Macaranga;neomildbraediana;57;18,15286624;2376;Transect;Macaranga neomildbraediana;260,15;0,03;0,38;0,19
T1;Macaranga;neomildbraediana;30;9,554140127;2376;Transect;Macaranga neomildbraediana;39,14;0,01;0,38;0,19
T1;Macaranga;neomildbraediana;60;19,10828025;2376;Transect;Macaranga neomildbraediana;300,69;0,03;0,38;0,19
T1;Macaranga;neomildbraediana;71;22,61146497;2376;Transect;Macaranga neomildbraediana;478,82;0,04;0,38;0,19
T1;Macaranga;neomildbraediana;68;21,65605096;2376;Transect;Macaranga neomildbraediana;425,42;0,04;0,38;0,19
T1;Macaranga;neomildbraediana;100;31,84713376;2376;Transect;Macaranga neomildbraediana;1190,06;0,08;0,38;0,19
T1;Macaranga;neomildbraediana;52;16,56050955;2376;Transect;Macaranga neomildbraediana;200,59;0,02;0,38;0,19
T1;Macaranga;neomildbraediana;76;24,20382166;2376;Transect;Macaranga neomildbraediana;575,84;0,05;0,38;0,19
T1;Macaranga;neomildbraediana;41;13,05732484;2376;Transect;Macaranga neomildbraediana;100,55;0,01;0,38;0,19
T1;Macaranga;neomildbraediana;48;15,2866242;2376;Transect;Macaranga neomildbraediana;159,34;0,02;0,38;0,19
T1;Macaranga;neomildbraediana;56;17,8343949;2376;Transect;Macaranga neomildbraediana;247,65;0,02;0,38;0,19
T1;Macaranga;neomildbraediana;51;16,24203822;2376;Transect;Macaranga neomildbraediana;189,68;0,02;0,38;0,19
T1;Macaranga;neomildbraediana;38;12,10191083;2376;Transect;Macaranga neomildbraediana;80,25;0,01;0,38;0,19
T1;Macaranga;neomildbraediana;101;32,1656051;2376;Transect;Macaranga neomildbraediana;1221,19;0,08;0,38;0,19
T1;Macaranga;neomildbraediana;51;16,24203822;2376;Transect;Macaranga neomildbraediana;189,68;0,02;0,38;0,19
T1;Macaranga;neomildbraediana;76;24,20382166;2376;Transect;Macaranga neomildbraediana;575,84;0,05;0,38;0,19
T1;Macaranga;neomildbraediana;66;21,01910828;2376;Transect;Macaranga neomildbraediana;391,87;0,03;0,38;0,19
T1;Macaranga;neomildbraediana;50;15,92356688;2376;Transect;Macaranga neomildbraediana;179,18;0,02;0,38;0,19
T1;Macaranga;neomildbraediana;59;18,78980892;2376;Transect;Macaranga neomildbraediana;286,65;0,03;0,38;0,19
T1;Macaranga;neomildbraediana;72;22,92993631;2376;Transect;Macaranga neomildbraediana;497,29;0,04;0,38;0,19
T1;Macaranga;neomildbraediana;71;22,61146497;2376;Transect;Macaranga neomildbraediana;478,82;0,04;0,38;0,19
T1;Macaranga;neomildbraediana;84;26,75159236;2376;Transect;Macaranga neomildbraediana;753,3;0,06;0,38;0,19
T2;Macaranga;neomildbraediana;91;28,98089172;2396;Transect;Macaranga neomildbraediana;930,88;0,07;0,38;0,19
T2;Macaranga;neomildbraediana;82;26,11464968;2396;Transect;Macaranga neomildbraediana;706,24;0,05;0,38;0,19
T2;Macaranga;neomildbraediana;57;18,15286624;2396;Transect;Macaranga neomildbraediana;260,15;0,03;0,38;0,19
T2;Macaranga;neomildbraediana;58;18,47133758;2396;Transect;Macaranga neomildbraediana;273,32;0,03;0,38;0,19
T2;Macaranga;neomildbraediana;82;26,11464968;2396;Transect;Macaranga neomildbraediana;706,24;0,05;0,38;0,19
T2;Macaranga;neomildbraediana;79;25,15923567;2396;Transect;Macaranga neomildbraediana;639,34;0,05;0,38;0,19
T2;Macaranga;neomildbraediana;77;24,52229299;2396;Transect;Macaranga neomildbraediana;596,68;0,05;0,38;0,19
T2;Macaranga;neomildbraediana;58;18,47133758;2396;Transect;Macaranga neomildbraediana;273,32;0,03;0,38;0,19
T2;Macaranga;neomildbraediana;41;13,05732484;2396;Transect;Macaranga neomildbraediana;100,55;0,01;0,38;0,19
T2;Strombosia;grandifolia;140;44,58598726;2396;Transect;Strombosia grandifolia;2767,94;0,16;0,82;0,19
T2;Polyscias;fulva;163;51,91082803;2396;Transect;Polyscias fulva;3983,62;0,21;0,24;0,19
T2;Strombosia;goetzeni;46;14,64968153;2396;Transect;Strombosia goetzeni;140,86;0,02;0,72;0,19
T2;Polyscias;fulva;235;74,84076433;2396;Transect;Polyscias fulva;9173,2;0,44;0,24;0,19
T2;Neoboutonia;macrocalyx;108;34,39490446;2396;Transect;Neoboutonia macrocalyx;1450,35;0,09;0,33;0,19
T3;Milletia;dura;121;38,53503185;2428;Transect;Milletia dura;1309,07;0,12;0,49;0,19
T3;Milletia;dura;120;38,21656051;2428;Transect;Milletia dura;1284,13;0,11;0,49;0,19
T3;Xymalos;monospora;104;33,12101911;2428;Transect;Xymalos monospora;925,47;0,09;0,49;0,19
T3;Strombosia;goetzeni;107;34,07643312;2428;Transect;Strombosia goetzeni;988,62;0,09;0,72;0,19
T3;Strombosia;goetzeni;92;29,29936306;2428;Transect;Strombosia goetzeni;695,65;0,07;0,72;0,19
T3;Syzygium;guineense;80;25,47770701;2428;Transect;Syzygium guineense;499,39;0,05;0,61;0,19
T3;Macaranga;neomildbraediana;91;28,98089172;2428;Transect;Macaranga neomildbraediana;678,01;0,07;0,38;0,19
T3;Carapa;grandiflora;190;60,50955414;2428;Transect;Carapa grandiflora;3545,15;0,29;0,55;0,19
T3;Muretia;transitoria;94;29,93630573;2428;Transect;Muretia transitoria;731,78;0,07;0,49;0,19
T3;Carapa;grandiflora;190;60,50955414;2428;Transect;Carapa grandiflora;3545,15;0,29;0,55;0,19
T3;Muretia;transitoria;63;20,06369427;2428;Transect;Muretia transitoria;277,92;0,03;0,49;0,19
T3;Strombosia;goetzeni;168;53,50318471;2428;Transect;Strombosia goetzeni;2714,09;0,22;0,72;0,19
T3;Strombosia;goetzeni;140;44,58598726;2428;Transect;Strombosia goetzeni;1815,55;0,16;0,72;0,19
T3;Syzygium;guineense;91;28,98089172;2428;Transect;Syzygium guineense;678,01;0,07;0,61;0,19
T3;Syzygium;guineense;100;31,84713376;2428;Transect;Syzygium guineense;845,44;0,08;0,61;0,19
T3;Strombosia;goetzeni;46;14,64968153;2428;Transect;Strombosia goetzeni;122,42;0,02;0,72;0,19
T3;Milletia;dura;115;36,62420382;2428;Transect;Milletia dura;1165,86;0,11;0,49;0,19
T3;Neoboutonia;macrocalyx;108;34,39490446;2428;Transect;Neoboutonia macrocalyx;1009,93;0,09;0,33;0,19
T3;Dombeya;sp;63;20,06369427;2428;Transect;Dombeya sp;277,92;0,03;0,48;0,19
T3;Carapa;grandiflora;112;35,66878981;2428;Transect;Carapa grandiflora;1097,94;0,1;0,55;0,19
T3;Strombosia;goetzeni;38;12,10191083;2428;Transect;Strombosia goetzeni;71,53;0,01;0,72;0,19
T3;Strombosia;goetzeni;37;11,78343949;2428;Transect;Strombosia goetzeni;66,2;0,01;0,72;0,19
T3;Milletia;dura;98;31,21019108;2428;Transect;Milletia dura;806,69;0,08;0,49;0,19
T3;Nuxia;congesta;39;12,42038217;2428;Transect;Nuxia congesta;77,13;0,01;0,68;0,19
T3;Syzygium;guineense;86;27,38853503;2428;Transect;Syzygium guineense;593,36;0,06;0,61;0,19
T3;Prunus;cerasifera;190;60,50955414;2428;Transect;Prunus cerasifera;3545,15;0,29;0,59;0,19
T3;Syzygium;guineense;190;60,50955414;2428;Transect;Syzygium guineense;3545,15;0,29;0,61;0,19
T3;Syzygium;guineense;210;66,87898089;2428;Transect;Syzygium guineense;4396,55;0,35;0,61;0,19
T3;Syzygium;guineense;165;52,5477707;2428;Transect;Syzygium guineense;2609,48;0,22;0,61;0,19
T3;Syzygium;guineense;224;71,33757962;2428;Transect;Syzygium guineense;5045,62;0,4;0,61;0,19
T3;Carapa;grandiflora;115;36,62420382;2428;Transect;Carapa grandiflora;1165,86;0,11;0,55;0,19
T3;Carapa;grandiflora;122;38,85350318;2428;Transect;Carapa grandiflora;1333,14;0,12;0,55;0,19
T4;Macaranga;neomildbraediana;53;16,87898089;2507;Transect;Macaranga neomildbraediana;178,39;0,02;0,38;0,19
T4;Macaranga;neomildbraediana;74;23,56687898;2507;Transect;Macaranga neomildbraediana;413,53;0,04;0,38;0,19
T4;Macaranga;neomildbraediana;72;22,92993631;2507;Transect;Macaranga neomildbraediana;386,6;0,04;0,38;0,19
T4;Macaranga;neomildbraediana;80;25,47770701;2507;Transect;Macaranga neomildbraediana;499,39;0,05;0,38;0,19
T4;Macaranga;neomildbraediana;68;21,65605096;2507;Transect;Macaranga neomildbraediana;336,12;0,04;0,38;0,19
T4;Macaranga;neomildbraediana;54;17,19745223;2507;Transect;Macaranga neomildbraediana;187,47;0,02;0,38;0,19
T4;Macaranga;neomildbraediana;135;42,99363057;2507;Transect;Macaranga neomildbraediana;1675,31;0,15;0,38;0,19
T4;Macaranga;neomildbraediana;93;29,61783439;2507;Transect;Macaranga neomildbraediana;713,57;0,07;0,38;0,19
T4;Syzygium;guineense;124;39,49044586;2507;Transect;Syzygium guineense;1383,24;0,12;0,61;0,19
T4;Syzygium;guineense;165;52,5477707;2507;Transect;Syzygium guineense;2609,48;0,22;0,61;0,19
T4;Syzygium;guineense;224;71,33757962;2507;Transect;Syzygium guineense;5045,62;0,4;0,61;0,19
T4;Syzygium;guineense;115;36,62420382;2507;Transect;Syzygium guineense;1165,86;0,11;0,61;0,19
T4;Carapa;grandiflora;122;38,85350318;2507;Transect;Carapa grandiflora;1333,14;0,12;0,55;0,19
T4;Carapa;grandiflora;98;31,21019108;2507;Transect;Carapa grandiflora;806,69;0,08;0,55;0,19
T4;Tacazzea;africana;67;21,33757962;2507;Transect;Tacazzea africana;323,84;0,04;0,49;0,19
T4;Anthocleista;procera;45;14,33121019;2507;Transect;Anthocleista procera;115,25;0,02;0,54;0,19
T4;Begonia;maculata;85;27,07006369;2507;Transect;Begonia maculata;576,8;0,06;0,49;0,19
T4;Macaranga;monospora;76;24,20382166;2507;Transect;Macaranga monospora;441,17;0,05;0,38;0,19
T4;Dalbergia;lactea;98;31,21019108;2507;Transect;Dalbergia lactea;806,69;0,08;0,79;0,19
T4;Bridelia;micrantha;103;32,80254777;2507;Transect;Bridelia micrantha;905,26;0,08;0,51;0,19
T4;Phytolacca;dodecandra;105;33,43949045;2507;Transect;Phytolacca dodecandra;946,82;0,09;0,26;0,19
T4;Rubus;steudneri;110;35,03184713;2507;Transect;Rubus steudneri;1053,38;0,1;0,35;0,19
T4;Alangium;chinense;55;17,51592357;2507;Transect;Alangium chinense;196,62;0,02;0,4;0,19
T4;Polyscias;fulva;77;24,52229299;2507;Transect;Polyscias fulva;455,19;0,05;0,24;0,19
T5;Macaranga;neomildbraediana;78;24,84076433;2547;Transect;Macaranga neomildbraediana;469,47;0,05;0,38;0,19
T5;Macaranga;neomildbraediana;81;25,79617834;2547;Transect;Macaranga neomildbraediana;514,52;0,05;0,38;0,19
T5;Macaranga;neomildbraediana;59;18,78980892;2547;Transect;Macaranga neomildbraediana;235,28;0,03;0,38;0,19
T5;Macaranga;neomildbraediana;54;17,19745223;2547;Transect;Macaranga neomildbraediana;187,47;0,02;0,38;0,19
T5;Macaranga;neomildbraediana;56;17,8343949;2547;Transect;Macaranga neomildbraediana;205,8;0,02;0,38;0,19
T5;Macaranga;neomildbraediana;51;16,24203822;2547;Transect;Macaranga neomildbraediana;161,3;0,02;0,38;0,19
T5;Macaranga;neomildbraediana;76;24,20382166;2547;Transect;Macaranga neomildbraediana;441,17;0,05;0,38;0,19
T5;Macaranga;neomildbraediana;52;16,56050955;2547;Transect;Macaranga neomildbraediana;169,81;0,02;0,38;0,19
T5;Macaranga;neomildbraediana;45;14,33121019;2547;Transect;Macaranga neomildbraediana;115,25;0,02;0,38;0,19
T5;Maessa;lanceolata;90;28,66242038;2547;Transect;Maessa lanceolata;660,65;0,06;0,49;0,19
T5;Nuxia;congesta;182;57,96178344;2547;Transect;Nuxia congesta;3232,09;0,26;0,68;0,19
T5;Nuxia;congesta;128,5;40,92356688;2547;Transect;Nuxia congesta;1499,72;0,13;0,68;0,19
T5;Nuxia;congesta;112;35,66878981;2547;Transect;Nuxia congesta;1097,94;0,1;0,68;0,19
T5;Nuxia;congesta;90;28,66242038;2547;Transect;Nuxia congesta;660,65;0,06;0,68;0,19
T5;Nuxia;congesta;62;19,74522293;2547;Transect;Nuxia congesta;266,75;0,03;0,68;0,19
T5;Nuxia;congesta;94;29,93630573;2547;Transect;Nuxia congesta;731,78;0,07;0,68;0,19
T5;Nuxia;congesta;37;11,78343949;2547;Transect;Nuxia congesta;66,2;0,01;0,68;0,19
T5;Nuxia;congesta;170;54,14012739;2547;Transect;Nuxia congesta;2785,9;0,23;0,68;0,19
T5;Polyscias;fulva;205;65,2866242;2547;Transect;Polyscias fulva;4176,49;0,33;0,24;0,19
T5;Polyscias;fulva;186;59,23566879;2547;Transect;Polyscias fulva;3386,59;0,28;0,24;0,19
T5;Polyscias;fulva;208;66,24203822;2547;Transect;Polyscias fulva;4306,41;0,34;0,24;0,19
T5;Polyscias;fulva;243;77,38853503;2547;Transect;Polyscias fulva;5993,5;0,47;0,24;0,19
T5;Polyscias;fulva;220;70,06369427;2547;Transect;Polyscias fulva;4855,63;0,39;0,24;0,19
T5;Polyscias;fulva;275;87,57961783;2547;Transect;Polyscias fulva;7765,02;0,6;0,24;0,19
T5;Xymalos;monospora;33;10,50955414;2547;Transect;Xymalos monospora;46,85;0,01;0,49;0,19
T5;Xymalos;monospora;85;27,07006369;2547;Transect;Xymalos monospora;576,8;0,06;0,49;0,19
T5;Polyscias;fulva;46;14,64968153;2547;Transect;Polyscias fulva;122,42;0,02;0,24;0,19
T5;Polyscias;fulva;32;10,1910828;2547;Transect;Polyscias fulva;42,52;0,01;0,24;0,19
T5;Polyscias;fulva;60;19,10828025;2547;Transect;Polyscias fulva;245,58;0,03;0,24;0,19
T5;Polyscias;fulva;63;20,06369427;2547;Transect;Polyscias fulva;277,92;0,03;0,24;0,19
T5;Polyscias;fulva;41;13,05732484;2547;Transect;Polyscias fulva;88,94;0,01;0,24;0,19
T5;Polyscias;fulva;46;14,64968153;2547;Transect;Polyscias fulva;122,42;0,02;0,24;0,19
T5;Polyscias;fulva;42;13,37579618;2547;Transect;Polyscias fulva;95,27;0,01;0,24;0,19
T6;Polyscias;fulva;75;23,88535032;2588;Transect;Polyscias fulva;426,99;0,04;0,24;0,19
T6;Macaranga;neomildbraediana;37;11,78343949;2588;Transect;Macaranga neomildbraediana;66,2;0,01;0,38;0,19
T6;Nuxia;congesta;80;25,47770701;2588;Transect;Nuxia congesta;499,39;0,05;0,68;0,19
T6;Nuxia;congesta;65;20,70063694;2588;Transect;Nuxia congesta;300,49;0,03;0,68;0,19
T6;Nuxia;congesta;100;31,84713376;2588;Transect;Nuxia congesta;845,44;0,08;0,68;0,19
T6;Polyscias;fulva;41;13,05732484;2588;Transect;Polyscias fulva;88,94;0,01;0,24;0,19
T6;Polyscias;fulva;55;17,51592357;2588;Transect;Polyscias fulva;196,62;0,02;0,24;0,19
T6;Polyscias;fulva;53;16,87898089;2588;Transect;Polyscias fulva;178,39;0,02;0,24;0,19
T6;Polyscias;fulva;39;12,42038217;2588;Transect;Polyscias fulva;77,13;0,01;0,24;0,19
T6;Polyscias;fulva;35;11,14649682;2588;Transect;Polyscias fulva;56,06;0,01;0,24;0,19
T6;Polyscias;fulva;50;15,92356688;2588;Transect;Polyscias fulva;153,08;0,02;0,24;0,19
T6;Polyscias;fulva;41;13,05732484;2588;Transect;Polyscias fulva;88,94;0,01;0,24;0,19
T6;Polyscias;fulva;40;12,7388535;2588;Transect;Polyscias fulva;83,02;0,01;0,24;0,19
T6;Polyscias;fulva;35;11,14649682;2588;Transect;Polyscias fulva;56,06;0,01;0,24;0,19
T6;Rapanea;Punctata;50;15,92356688;2588;Transect;Rapanea Punctata;153,08;0,02;0,65;0,19
T6;Rapanea;Punctata;37;11,78343949;2588;Transect;Rapanea Punctata;66,2;0,01;0,65;0,19
T6;Rapanea;Punctata;44;14,01273885;2588;Transect;Rapanea Punctata;108,36;0,02;0,65;0,19
T6;Rapanea;Punctata;67;21,33757962;2588;Transect;Rapanea Punctata;323,84;0,04;0,65;0,19
T6;Rapanea;Punctata;80;25,47770701;2588;Transect;Rapanea Punctata;499,39;0,05;0,65;0,19
T6;Rapanea;Punctata;68;21,65605096;2588;Transect;Rapanea Punctata;336,12;0,04;0,65;0,19
T6;Agauria;salicifolia;186;59,23566879;2588;Transect;Agauria salicifolia;3386,59;0,28;0,49;0,19
T6;Agauria;salicifolia;115;36,62420382;2588;Transect;Agauria salicifolia;1165,86;0,11;0,49;0,19
T6;Agauria;salicifolia;91;28,98089172;2588;Transect;Agauria salicifolia;678,01;0,07;0,49;0,19
T6;Galignera;Conyzoides;54;17,19745223;2588;Transect;Galignera Conyzoides;187,47;0,02;0,49;0,19
T6;Macaranga;neomildbraediana;85;27,07006369;2588;Transect;Macaranga neomildbraediana;576,8;0,06;0,38;0,19
T6;Macaranga;neomildbraediana;60;19,10828025;2588;Transect;Macaranga neomildbraediana;245,58;0,03;0,38;0,19
T6;Macaranga;neomildbraediana;79;25,15923567;2588;Transect;Macaranga neomildbraediana;484,53;0,05;0,38;0,19
T6;Macaranga;neomildbraediana;60;19,10828025;2588;Transect;Macaranga neomildbraediana;245,58;0,03;0,38;0,19
T6;Macaranga;neomildbraediana;56;17,8343949;2588;Transect;Macaranga neomildbraediana;205,8;0,02;0,38;0,19
T6;Macaranga;neomildbraediana;69;21,97452229;2588;Transect;Macaranga neomildbraediana;348,32;0,04;0,38;0,19
T6;Macaranga;neomildbraediana;71;22,61146497;2588;Transect;Macaranga neomildbraediana;373,56;0,04;0,38;0,19
T6;Macaranga;neomildbraediana;100;31,84713376;2588;Transect;Macaranga neomildbraediana;845,44;0,08;0,38;0,19
T6;Macaranga;neomildbraediana;34;10,82802548;2588;Transect;Macaranga neomildbraediana;51,36;0,01;0,38;0,19
T6;Macaranga;neomildbraediana;54;17,19745223;2588;Transect;Macaranga neomildbraediana;187,47;0,02;0,38;0,19
T6;Macaranga;neomildbraediana;60;19,10828025;2588;Transect;Macaranga neomildbraediana;245,58;0,03;0,38;0,19
T6;Macaranga;neomildbraediana;120;38,21656051;2588;Transect;Macaranga neomildbraediana;1284,13;0,11;0,38;0,19
T6;Macaranga;neomildbraediana;49;15,60509554;2588;Transect;Macaranga neomildbraediana;145,13;0,02;0,38;0,19
T6;Macaranga;neomildbraediana;52;16,56050955;2588;Transect;Macaranga neomildbraediana;169,81;0,02;0,38;0,19
T6;Macaranga;neomildbraediana;106;33,75796178;2588;Transect;Macaranga neomildbraediana;967,58;0,09;0,38;0,19
T6;Macaranga;neomildbraediana;75;23,88535032;2588;Transect;Macaranga neomildbraediana;426,99;0,04;0,38;0,19
T6;Macaranga;neomildbraediana;36;11,46496815;2588;Transect;Macaranga neomildbraediana;61,04;0,01;0,38;0,19
T6;Macaranga;neomildbraediana;41;13,05732484;2588;Transect;Macaranga neomildbraediana;88,94;0,01;0,38;0,19
T6;Macaranga;neomildbraediana;45,5;14,49044586;2588;Transect;Macaranga neomildbraediana;118,8;0,02;0,38;0,19
T6;Macaranga;neomildbraediana;58;18,47133758;2588;Transect;Macaranga neomildbraediana;225,26;0,03;0,38;0,19
T6;Macaranga;neomildbraediana;78,5;25;2588;Transect;Macaranga neomildbraediana;476,96;0,05;0,38;0,19
T6;Macaranga;neomildbraediana;80;25,47770701;2588;Transect;Macaranga neomildbraediana;499,39;0,05;0,38;0,19
T6;Macaranga;neomildbraediana;41;13,05732484;2588;Transect;Macaranga neomildbraediana;88,94;0,01;0,38;0,19
T6;Macaranga;neomildbraediana;99;31,52866242;2588;Transect;Macaranga neomildbraediana;825,54;0,08;0,38;0,19
T6;Macaranga;neomildbraediana;42;13,37579618;2588;Transect;Macaranga neomildbraediana;95,27;0,01;0,38;0,19
T6;Macaranga;neomildbraediana;89;28,34394904;2588;Transect;Macaranga neomildbraediana;643,56;0,06;0,38;0,19
T6;Macaranga;neomildbraediana;80;25,47770701;2588;Transect;Macaranga neomildbraediana;499,39;0,05;0,38;0,19
T6;Macaranga;neomildbraediana;92;29,29936306;2588;Transect;Macaranga neomildbraediana;695,65;0,07;0,38;0,19
T6;Macaranga;neomildbraediana;55;17,51592357;2588;Transect;Macaranga neomildbraediana;196,62;0,02;0,38;0,19
T6;Macaranga;neomildbraediana;86;27,38853503;2588;Transect;Macaranga neomildbraediana;593,36;0,06;0,38;0,19
T6;Macaranga;neomildbraediana;94;29,93630573;2588;Transect;Macaranga neomildbraediana;731,78;0,07;0,38;0,19
T6;Macaranga;neomildbraediana;65;20,70063694;2588;Transect;Macaranga neomildbraediana;300,49;0,03;0,38;0,19
T6;Macaranga;neomildbraediana;34;10,82802548;2588;Transect;Macaranga neomildbraediana;51,36;0,01;0,38;0,19
T6;Nuxia;congesta;91;28,98089172;2588;Transect;Nuxia congesta;678,01;0,07;0,68;0,19
T6;Nuxia;congesta;71;22,61146497;2588;Transect;Nuxia congesta;373,56;0,04;0,68;0,19
T6;Nuxia;congesta;80;25,47770701;2588;Transect;Nuxia congesta;499,39;0,05;0,68;0,19
T6;Nuxia;congesta;88;28,02547771;2588;Transect;Nuxia congesta;626,75;0,06;0,68;0,19
T6;Nuxia;congesta;81;25,79617834;2588;Transect;Nuxia congesta;514,52;0,05;0,68;0,19
T6;Podocarpus;Macrophyllus;100;31,84713376;2588;Transect;Podocarpus Macrophyllus;845,44;0,08;0,48;0,19
T6;Podocarpus;Macrophyllus;33;10,50955414;2588;Transect;Podocarpus Macrophyllus;46,85;0,01;0,48;0,19
T6;Podocarpus;Macrophyllus;53;16,87898089;2588;Transect;Podocarpus Macrophyllus;178,39;0,02;0,48;0,19
T6;Podocarpus;Macrophyllus;80;25,47770701;2588;Transect;Podocarpus Macrophyllus;499,39;0,05;0,48;0,19
T6;Podocarpus;Macrophyllus;66;21,01910828;2588;Transect;Podocarpus Macrophyllus;311,85;0,03;0,48;0,19
T6;Podocarpus;Macrophyllus;80;25,47770701;2588;Transect;Podocarpus Macrophyllus;499,39;0,05;0,48;0,19
T6;Podocarpus;Macrophyllus;81;25,79617834;2588;Transect;Podocarpus Macrophyllus;514,52;0,05;0,48;0,19
T6;Podocarpus;Macrophyllus;66;21,01910828;2588;Transect;Podocarpus Macrophyllus;311,85;0,03;0,48;0,19
T6;Podocarpus;Macrophyllus;89;28,34394904;2588;Transect;Podocarpus Macrophyllus;643,56;0,06;0,48;0,19
T6;Podocarpus;Macrophyllus;32;10,1910828;2588;Transect;Podocarpus Macrophyllus;42,52;0,01;0,48;0,19
T6;Psycothria;Elata;31;9,872611465;2588;Transect;Psycothria Elata;38,47;0,01;0,49;0,19
T6;Rapanea;Punctata;54;17,19745223;2588;Transect;Rapanea Punctata;187,47;0,02;0,65;0,19
T6;Rapanea;Punctata;83;26,43312102;2588;Transect;Rapanea Punctata;545,11;0,05;0,65;0,19
T6;Rapanea;Punctata;33;10,50955414;2588;Transect;Rapanea Punctata;46,85;0,01;0,65;0,19
T6;Rapanea;Punctata;76;24,20382166;2588;Transect;Rapanea Punctata;441,17;0,05;0,65;0,19
T6;Rapanea;Punctata;68;21,65605096;2588;Transect;Rapanea Punctata;336,12;0,04;0,65;0,19
T6;Rapanea;Punctata;76;24,20382166;2588;Transect;Rapanea Punctata;441,17;0,05;0,65;0,19
T6;Rapanea;Punctata;107;34,07643312;2588;Transect;Rapanea Punctata;988,62;0,09;0,65;0,19
T6;Rapanea;Punctata;43;13,69426752;2588;Transect;Rapanea Punctata;101,75;0,01;0,65;0,19
T6;Rapanea;Punctata;32;10,1910828;2588;Transect;Rapanea Punctata;42,52;0,01;0,65;0,19
T6;Rapanea;Punctata;47;14,96815287;2588;Transect;Rapanea Punctata;129,71;0,02;0,65;0,19
T6;Xymalos;monospora;48;15,2866242;2588;Transect;Xymalos monospora;137,28;0,02;0,49;0,19
T6;Xymalos;monospora;51;16,24203822;2588;Transect;Xymalos monospora;161,3;0,02;0,49;0,19
T6;Xymalos;monospora;83;26,43312102;2588;Transect;Xymalos monospora;545,11;0,05;0,49;0,19
T6;Xymalos;monospora;42;13,37579618;2588;Transect;Xymalos monospora;95,27;0,01;0,49;0,19
